track_id,class,timestamp_ms,direction,speed_pps
1,car,33.36666666666667,up,33.5075121503465
1,car,66.73333333333333,up,21.192011424172254
1,car,100.1,right,33.50751215034651
1,car,133.46666666666667,down,21.19201142417225
1,car,166.83333333333334,down,14.985014985014981
1,car,200.2,right,14.985014985014994
1,car,233.56666666666663,right,21.192011424172268
1,car,266.93333333333334,right,14.985014985014969
1,car,300.3,up,0.0
1,car,333.6666666666667,down,14.985014985014981
1,car,367.03333333333336,right,14.985014985014981
1,car,400.4,right,14.985014985015008
1,car,433.7666666666667,right,14.985014985014956
1,car,467.1333333333333,down,14.985014985015008
1,car,500.50000000000006,right,14.985014985014956
1,car,533.8666666666667,right,21.19201142417229
1,car,567.2333333333333,up,14.985014985014981
1,car,600.6,right,21.19201142417225
1,car,633.9666666666667,up,0.0
1,car,667.3333333333334,down,21.19201142417225
1,car,700.7,up,14.985014985014981
1,car,734.0666666666667,up,14.985014985014981
1,car,767.4333333333334,down,14.985014985014981
1,car,800.8000000000001,up,29.970029970029962
1,car,834.1666666666667,right,21.19201142417225
1,car,867.5333333333334,right,21.19201142417225
1,car,900.9,right,14.985014985015034
1,car,934.2666666666668,up,14.985014985014931
1,car,967.6333333333332,up,0.0
1,car,1001.0,up,14.985014985014931
1,car,1034.3666666666666,up,0.0
1,car,1067.7333333333331,up,0.0
1,car,1101.1,right,14.985014985014931
1,car,1134.4666666666667,up,14.985014985014931
1,car,1167.8333333333333,down,29.97002997003007
1,car,1201.2,down,14.985014985014931
1,car,1234.5666666666668,up,14.985014985014931
1,car,1267.9333333333334,up,14.985014985015034
1,car,1301.3000000000002,up,29.970029970029863
1,car,1334.6666666666667,up,14.985014985015034
1,car,1368.0333333333335,up,0.0
1,car,1401.4,up,0.0
1,car,1434.7666666666669,up,0.0
1,car,1468.1333333333334,up,0.0
1,car,1501.5,up,0.0
1,car,1534.8666666666668,right,21.19201142417218
1,car,1568.2333333333331,up,0.0
1,car,1601.6,up,21.19201142417218
1,car,1634.9666666666667,right,21.19201142417218
1,car,1668.3333333333337,up,0.0
1,car,1701.7,up,21.192011424172463
1,car,1735.0666666666668,up,0.0
1,car,1768.4333333333336,down,14.985014985014931
1,car,1801.8,up,14.985014985015134
2,car,33.36666666666667,right,33.5075121503465
2,car,66.73333333333333,right,14.985014985014983
2,car,100.1,up,0.0
2,car,133.46666666666667,right,29.970029970029962
2,car,166.83333333333334,up,0.0
2,car,200.2,up,14.985014985014994
2,car,233.56666666666663,down,14.985014985014994
2,car,266.93333333333334,down,14.985014985014969
2,car,300.3,right,14.985014985014981
2,car,333.6666666666667,right,44.95504495504494
2,car,367.03333333333336,right,14.985014985014981
2,car,400.4,right,14.985014985015008
2,car,433.7666666666667,right,29.970029970029913
2,car,467.1333333333333,up,0.0
2,car,500.50000000000006,right,14.985014985014956
2,car,533.8666666666667,right,21.19201142417229
2,car,567.2333333333333,right,14.985014985014981
2,car,600.6,right,14.985014985014981
2,car,633.9666666666667,right,14.985014985014981
2,car,667.3333333333334,down,21.19201142417225
2,car,700.7,right,29.970029970029962
2,car,734.0666666666667,up,0.0
2,car,767.4333333333334,right,14.985014985014981
2,car,800.8000000000001,right,42.3840228483445
2,car,834.1666666666667,up,33.50751215034649
2,car,867.5333333333334,right,44.95504495504494
2,car,900.9,right,14.985014985015034
2,car,934.2666666666668,right,14.985014985014931
2,car,967.6333333333332,down,21.192011424172396
2,car,1001.0,up,0.0
2,car,1034.3666666666666,right,33.50751215034661
2,car,1067.7333333333331,down,21.192011424172325
2,car,1101.1,right,14.985014985014931
2,car,1134.4666666666667,down,29.970029970029863
2,car,1167.8333333333333,right,42.38402284834465
2,car,1201.2,down,14.985014985014931
2,car,1234.5666666666668,right,14.985014985014931
2,car,1267.9333333333334,right,14.985014985015034
2,car,1301.3000000000002,down,67.01502430069276
2,car,1334.6666666666667,down,21.192011424172325
2,car,1368.0333333333335,down,14.985014985014931
2,car,1401.4,right,59.94005994006014
2,car,1434.7666666666669,up,0.0
2,car,1468.1333333333334,right,33.50751215034661
2,car,1501.5,right,14.985014985015034
2,car,1534.8666666666668,right,14.985014985014931
2,car,1568.2333333333331,down,21.192011424172463
2,car,1601.6,right,14.985014985014931
2,car,1634.9666666666667,right,33.50751215034638
2,car,1668.3333333333337,right,29.970029970029657
2,car,1701.7,up,0.0
2,car,1735.0666666666668,right,47.38677812440112
2,car,1768.4333333333336,up,21.19201142417218
2,car,1801.8,right,47.38677812440176
3,bus,33.36666666666667,right,21.192011424172254
3,bus,66.73333333333333,down,14.985014985014983
3,bus,100.1,right,21.192011424172257
3,bus,133.46666666666667,right,150.59753678003327
3,bus,166.83333333333334,up,61.78479958468021
3,bus,200.2,up,0.0
3,bus,233.56666666666663,up,21.192011424172268
3,bus,266.93333333333334,down,21.192011424172232
3,bus,300.3,up,14.985014985014981
3,bus,333.6666666666667,right,42.3840228483445
3,bus,367.03333333333336,right,61.78479958468021
3,bus,400.4,down,29.970029970030016
3,bus,433.7666666666667,up,42.38402284834443
3,bus,467.1333333333333,up,59.94005994006003
3,bus,500.50000000000006,up,14.985014985014956
3,bus,533.8666666666667,right,54.02923989206786
3,bus,567.2333333333333,down,14.985014985014981
3,bus,600.6,right,29.970029970029962
3,bus,633.9666666666667,down,21.19201142417225
3,bus,667.3333333333334,right,21.19201142417225
3,bus,700.7,right,14.985014985014981
3,bus,734.0666666666667,up,0.0
3,bus,767.4333333333334,right,29.970029970029962
3,bus,800.8000000000001,right,21.19201142417225
3,bus,834.1666666666667,down,33.50751215034649
3,bus,867.5333333333334,right,42.3840228483445
3,bus,900.9,up,29.97002997003007
3,bus,934.2666666666668,up,0.0
3,bus,967.6333333333332,right,61.784799584680634
3,bus,1001.0,up,44.95504495504479
3,bus,1034.3666666666666,right,29.97002997003007
3,bus,1067.7333333333331,right,21.192011424172325
3,bus,1101.1,down,21.19201142417218
3,bus,1134.4666666666667,right,33.50751215034638
3,bus,1167.8333333333333,right,179.8201798201804
3,bus,1201.2,right,74.92507492507465
3,bus,1234.5666666666668,right,59.940059940059726
3,bus,1267.9333333333334,up,59.94005994006014
3,bus,1301.3000000000002,up,14.985014985014931
3,bus,1334.6666666666667,right,14.985014985015034
3,bus,1368.0333333333335,right,74.92507492507465
3,bus,1401.4,right,29.97002997003007
3,bus,1434.7666666666669,up,76.40888382007142
3,bus,1468.1333333333334,up,14.985014985015034
3,bus,1501.5,up,29.97002997003007
3,bus,1534.8666666666668,right,29.970029970029863
3,bus,1568.2333333333331,up,89.9100899100908
3,bus,1601.6,up,104.89510489510451
3,bus,1634.9666666666667,up,61.78479958468
3,bus,1668.3333333333337,right,14.985014985014828
3,bus,1701.7,up,105.96005712086232
3,bus,1735.0666666666668,up,44.95504495504479
3,bus,1768.4333333333336,up,14.985014985014931
3,bus,1801.8,up,21.192011424172463
4,car,33.36666666666667,right,33.5075121503465
4,car,66.73333333333333,right,29.970029970029966
4,car,100.1,right,33.50751215034651
4,car,133.46666666666667,down,61.78479958468021
4,car,166.83333333333334,up,14.985014985014981
4,car,200.2,up,21.192011424172268
4,car,233.56666666666663,right,47.38677812440132
4,car,266.93333333333334,right,74.92507492507484
4,car,300.3,right,44.95504495504494
4,car,333.6666666666667,right,21.19201142417225
4,car,367.03333333333336,right,54.02923989206775
4,car,400.4,down,44.955044955045025
4,car,433.7666666666667,down,33.507512150346436
4,car,467.1333333333333,up,21.19201142417229
4,car,500.50000000000006,right,21.192011424172215
4,car,533.8666666666667,right,63.57603427251686
4,car,567.2333333333333,up,54.02923989206775
4,car,600.6,up,33.50751215034649
4,car,633.9666666666667,up,21.19201142417225
4,car,667.3333333333334,up,44.95504495504494
4,car,700.7,right,33.50751215034649
4,car,734.0666666666667,right,47.386778124401275
4,car,767.4333333333334,right,21.19201142417225
4,car,800.8000000000001,up,21.19201142417225
4,car,834.1666666666667,right,61.78479958468021
4,car,867.5333333333334,right,47.386778124401275
4,car,900.9,right,47.386778124401445
4,car,934.2666666666668,down,14.985014985014931
4,car,967.6333333333332,up,14.985014985015084
4,car,1001.0,up,29.970029970029863
4,car,1034.3666666666666,right,33.50751215034661
4,car,1067.7333333333331,up,14.985014985015034
4,car,1101.1,up,33.50751215034638
4,car,1134.4666666666667,up,29.970029970029863
4,car,1167.8333333333333,up,42.38402284834465
4,car,1201.2,up,14.985014985014931
4,car,1234.5666666666668,right,29.970029970029863
4,car,1267.9333333333334,down,21.192011424172325
4,car,1301.3000000000002,down,21.19201142417218
4,car,1334.6666666666667,up,0.0
4,car,1368.0333333333335,right,14.985014985014931
4,car,1401.4,up,0.0
4,car,1434.7666666666669,up,21.19201142417218
4,car,1468.1333333333334,up,14.985014985015034
4,car,1501.5,up,0.0
4,car,1534.8666666666668,up,21.19201142417218
4,car,1568.2333333333331,up,0.0
4,car,1601.6,right,14.985014985014931
4,car,1634.9666666666667,up,0.0
4,car,1668.3333333333337,right,14.985014985014828
4,car,1701.7,up,0.0
4,car,1735.0666666666668,up,14.985014985014931
4,car,1768.4333333333336,up,76.40888382007142
4,car,1801.8,up,76.40888382007245
5,car,33.36666666666667,right,29.970029970029966
5,car,66.73333333333333,down,29.970029970029966
5,car,100.1,up,44.95504495504496
5,car,133.46666666666667,right,21.19201142417225
5,car,166.83333333333334,right,47.386778124401275
5,car,200.2,right,29.970029970029987
5,car,233.56666666666663,up,21.192011424172268
5,car,266.93333333333334,right,44.955044955044904
5,car,300.3,right,33.50751215034649
5,car,333.6666666666667,down,14.985014985014981
5,car,367.03333333333336,right,42.3840228483445
5,car,400.4,up,0.0
5,car,433.7666666666667,up,21.192011424172215
5,car,467.1333333333333,down,14.985014985015008
5,car,500.50000000000006,right,21.192011424172215
5,car,533.8666666666667,down,14.985014985015008
5,car,567.2333333333333,up,14.985014985014981
5,car,600.6,up,14.985014985014981
5,car,633.9666666666667,up,42.3840228483445
5,car,667.3333333333334,up,33.50751215034649
5,car,700.7,right,14.985014985014981
5,car,734.0666666666667,down,14.985014985014981
5,car,767.4333333333334,right,21.19201142417225
5,car,800.8000000000001,up,14.985014985014981
5,car,834.1666666666667,up,0.0
5,car,867.5333333333334,right,21.19201142417225
5,car,900.9,up,33.50751215034661
5,car,934.2666666666668,down,14.985014985014931
5,car,967.6333333333332,right,33.50751215034672
5,car,1001.0,up,33.50751215034638
5,car,1034.3666666666666,up,0.0
5,car,1067.7333333333331,right,14.985014985015034
5,car,1101.1,right,14.985014985014931
5,car,1134.4666666666667,right,14.985014985014931
5,car,1167.8333333333333,right,14.985014985015034
5,car,1201.2,down,14.985014985014931
5,car,1234.5666666666668,up,0.0
5,car,1267.9333333333334,up,33.50751215034661
5,car,1301.3000000000002,down,14.985014985014931
5,car,1334.6666666666667,up,0.0
5,car,1368.0333333333335,up,14.985014985014931
5,car,1401.4,down,21.192011424172325
5,car,1434.7666666666669,right,29.970029970029863
5,car,1468.1333333333334,right,14.985014985015034
5,car,1501.5,up,14.985014985015034
5,car,1534.8666666666668,right,14.985014985014931
5,car,1568.2333333333331,up,21.192011424172463
5,car,1601.6,right,14.985014985014931
5,car,1634.9666666666667,up,14.985014985014931
5,car,1668.3333333333337,up,0.0
5,car,1701.7,up,29.970029970030268
5,car,1735.0666666666668,up,14.985014985014931
5,car,1768.4333333333336,up,14.985014985014931
6,bus,33.36666666666667,right,80.69677533168587
6,bus,66.73333333333333,right,59.94005994005993
6,bus,100.1,right,89.91008991008992
6,bus,133.46666666666667,right,105.96005712086124
6,bus,166.83333333333334,right,76.40888382007168
6,bus,200.2,right,47.38677812440132
6,bus,233.56666666666663,right,61.784799584680265
6,bus,266.93333333333334,right,91.15028766680638
6,bus,300.3,right,47.386778124401275
6,bus,333.6666666666667,right,74.92507492507491
6,car,400.4,right,44.95504495504498
6,car,433.7666666666667,right,61.78479958468011
6,bus,467.1333333333333,right,59.94005994006003
6,bus,500.50000000000006,right,59.940059940059825
6,bus,533.8666666666667,right,47.38677812440137
6,bus,567.2333333333333,right,59.940059940059925
6,bus,600.6,right,74.92507492507491
6,bus,633.9666666666667,right,91.15028766680646
6,bus,667.3333333333334,right,33.50751215034649
6,bus,700.7,down,14.985014985014981
6,bus,734.0666666666667,right,76.40888382007168
6,bus,767.4333333333334,right,29.970029970029962
6,bus,800.8000000000001,right,47.386778124401275
6,bus,834.1666666666667,right,44.95504495504494
6,bus,867.5333333333334,right,44.95504495504494
6,bus,900.9,down,21.192011424172325
6,bus,934.2666666666668,right,33.50751215034638
6,bus,967.6333333333332,right,14.985014985015084
6,bus,1001.0,right,14.985014985014931
6,bus,1034.3666666666666,right,33.50751215034661
6,bus,1067.7333333333331,right,29.97002997003007
6,bus,1101.1,right,33.50751215034638
6,bus,1134.4666666666667,right,21.19201142417218
6,bus,1167.8333333333333,down,42.38402284834465
6,bus,1201.2,right,33.50751215034638
6,bus,1234.5666666666668,right,14.985014985014931
6,bus,1267.9333333333334,right,14.985014985015034
6,bus,1301.3000000000002,down,21.19201142417218
6,bus,1334.6666666666667,down,21.192011424172325
6,bus,1368.0333333333335,up,0.0
6,bus,1401.4,right,47.386778124401445
6,bus,1434.7666666666669,right,14.985014985014931
6,bus,1468.1333333333334,right,33.50751215034661
6,bus,1501.5,down,21.192011424172325
6,bus,1534.8666666666668,right,29.970029970029863
6,bus,1568.2333333333331,right,33.507512150346834
6,bus,1601.6,right,33.50751215034638
6,bus,1634.9666666666667,down,21.19201142417218
6,bus,1668.3333333333337,up,14.985014985014828
6,bus,1701.7,right,14.985014985015134
6,bus,1735.0666666666668,right,14.985014985014931
6,bus,1768.4333333333336,right,29.970029970029863
7,car,33.36666666666667,right,33.5075121503465
7,car,66.73333333333333,up,0.0
7,car,100.1,right,21.192011424172257
7,car,133.46666666666667,down,14.985014985014981
7,car,166.83333333333334,right,14.985014985014981
7,car,200.2,up,0.0
7,car,233.56666666666663,up,29.970029970029987
7,car,266.93333333333334,down,33.507512150346464
7,car,300.3,up,0.0
7,car,333.6666666666667,right,29.970029970029962
7,car,367.03333333333336,right,21.19201142417225
7,car,400.4,right,33.50751215034656
7,car,433.7666666666667,up,29.970029970029913
7,car,467.1333333333333,right,14.985014985015008
7,car,500.50000000000006,right,33.507512150346436
7,car,533.8666666666667,right,14.985014985015008
7,car,567.2333333333333,up,14.985014985014981
7,car,600.6,right,29.970029970029962
7,car,633.9666666666667,up,0.0
7,car,667.3333333333334,right,14.985014985014981
7,car,700.7,right,29.970029970029962
7,car,734.0666666666667,down,14.985014985014981
7,car,767.4333333333334,right,29.970029970029962
7,car,800.8000000000001,up,14.985014985014981
7,car,834.1666666666667,right,14.985014985014981
7,car,867.5333333333334,up,0.0
7,car,900.9,up,14.985014985015034
7,car,934.2666666666668,up,0.0
7,car,967.6333333333332,up,29.97002997003017
7,car,1001.0,right,14.985014985014931
7,car,1034.3666666666666,down,14.985014985015034
7,car,1067.7333333333331,up,0.0
7,car,1101.1,up,0.0
7,car,1134.4666666666667,down,14.985014985014931
7,car,1167.8333333333333,up,0.0
7,car,1201.2,up,0.0
7,car,1234.5666666666668,up,14.985014985014931
7,car,1267.9333333333334,right,14.985014985015034
7,car,1301.3000000000002,up,14.985014985014931
7,car,1334.6666666666667,up,0.0
7,car,1368.0333333333335,down,14.985014985014931
7,car,1401.4,up,0.0
7,car,1434.7666666666669,right,14.985014985014931
7,car,1468.1333333333334,up,0.0
7,car,1501.5,up,42.38402284834465
7,car,1534.8666666666668,up,14.985014985014931
7,car,1568.2333333333331,down,21.192011424172463
7,car,1601.6,down,14.985014985014931
7,car,1634.9666666666667,up,0.0
7,car,1668.3333333333337,up,0.0
7,car,1701.7,up,0.0
7,car,1735.0666666666668,up,0.0
7,car,1768.4333333333336,down,14.985014985014931
8,car,33.36666666666667,right,14.985014985014983
8,car,66.73333333333333,down,33.5075121503465
8,car,100.1,right,14.985014985014987
8,car,133.46666666666667,right,33.50751215034649
8,car,166.83333333333334,right,14.985014985014981
8,car,200.2,down,14.985014985014994
8,car,233.56666666666663,up,0.0
8,car,266.93333333333334,right,59.940059940059875
8,car,300.3,right,47.386778124401275
8,car,333.6666666666667,right,21.19201142417225
8,car,367.03333333333336,down,14.985014985014981
8,car,400.4,up,33.50751215034656
8,car,433.7666666666667,up,33.507512150346436
8,car,467.1333333333333,right,47.38677812440137
8,car,500.50000000000006,right,44.95504495504487
8,car,533.8666666666667,down,21.19201142417229
8,car,567.2333333333333,down,14.985014985014981
8,car,600.6,down,14.985014985014981
8,car,633.9666666666667,up,14.985014985014981
8,car,667.3333333333334,right,21.19201142417225
8,car,700.7,right,33.50751215034649
8,car,734.0666666666667,right,29.970029970029962
8,car,767.4333333333334,up,14.985014985014981
8,car,800.8000000000001,up,0.0
8,car,834.1666666666667,right,14.985014985014981
8,car,867.5333333333334,right,14.985014985014981
8,car,900.9,up,14.985014985015034
8,car,934.2666666666668,up,21.19201142417218
8,car,967.6333333333332,right,61.784799584680634
8,car,1001.0,down,14.985014985014931
8,car,1034.3666666666666,up,14.985014985015034
8,car,1067.7333333333331,down,14.985014985015034
8,car,1101.1,up,0.0
8,car,1134.4666666666667,right,14.985014985014931
8,car,1167.8333333333333,right,14.985014985015034
8,car,1201.2,up,0.0
8,car,1234.5666666666668,up,14.985014985014931
8,car,1267.9333333333334,up,0.0
8,car,1301.3000000000002,up,0.0
8,car,1334.6666666666667,up,14.985014985015034
8,car,1368.0333333333335,up,0.0
8,car,1401.4,up,0.0
8,car,1434.7666666666669,up,0.0
8,car,1468.1333333333334,right,14.985014985015034
8,car,1501.5,up,29.97002997003007
8,car,1534.8666666666668,down,14.985014985014931
8,car,1568.2333333333331,down,21.192011424172463
8,car,1601.6,up,0.0
8,car,1634.9666666666667,down,14.985014985014931
8,car,1668.3333333333337,up,14.985014985014828
8,car,1701.7,up,14.985014985015134
8,car,1735.0666666666668,up,14.985014985014931
8,car,1768.4333333333336,up,14.985014985014931
9,car,33.36666666666667,up,47.38677812440129
9,car,66.73333333333333,right,91.15028766680648
9,car,100.1,right,152.81776764014342
9,car,133.46666666666667,up,76.40888382007168
9,car,166.83333333333334,right,104.89510489510486
9,car,200.2,right,105.96005712086132
9,car,233.56666666666663,up,120.81305317130699
9,car,266.93333333333334,up,104.89510489510478
9,car,300.3,up,80.69677533168584
9,car,333.6666666666667,right,47.386778124401275
9,car,367.03333333333336,right,555.254964445022
9,car,400.4,right,167.53756075173277
9,car,900.9,right,16.983016983016984
9,car,934.2666666666668,up,0.0
10,truck,33.36666666666667,right,33.5075121503465
10,truck,66.73333333333333,up,0.0
10,truck,100.1,up,14.985014985014987
10,truck,133.46666666666667,right,14.985014985014981
10,truck,166.83333333333334,down,14.985014985014981
11,car,33.36666666666667,up,14.985014985014983
11,car,66.73333333333333,up,42.38402284834451
11,car,100.1,up,29.970029970029973
11,car,133.46666666666667,right,74.92507492507491
11,car,166.83333333333334,up,44.95504495504494
11,car,200.2,right,61.784799584680265
11,car,233.56666666666663,down,14.985014985014994
11,car,266.93333333333334,up,47.38677812440124
11,car,300.3,right,33.50751215034649
11,car,333.6666666666667,up,33.50751215034649
11,car,367.03333333333336,right,91.15028766680646
11,car,400.4,right,61.78479958468033
11,car,433.7666666666667,right,44.95504495504487
11,car,467.1333333333333,up,0.0
11,car,500.50000000000006,up,47.3867781244012
11,car,533.8666666666667,right,47.38677812440137
11,car,567.2333333333333,right,47.386778124401275
11,car,600.6,down,21.19201142417225
11,car,633.9666666666667,right,104.89510489510486
11,car,667.3333333333334,right,76.40888382007168
11,car,700.7,up,76.40888382007168
11,car,734.0666666666667,right,14.985014985014981
11,car,767.4333333333334,right,21.19201142417225
11,car,800.8000000000001,right,21.19201142417225
11,car,834.1666666666667,up,33.50751215034649
11,car,867.5333333333334,up,14.985014985014981
11,car,900.9,up,14.985014985015034
11,car,934.2666666666668,right,14.985014985014931
11,car,967.6333333333332,right,33.50751215034672
11,car,1001.0,right,29.970029970029863
11,car,1034.3666666666666,right,33.50751215034661
11,car,1067.7333333333331,up,14.985014985015034
11,car,1101.1,right,120.81305317130649
11,car,1134.4666666666667,right,44.95504495504479
11,car,1167.8333333333333,right,59.94005994006014
11,car,1201.2,right,74.92507492507465
11,car,1234.5666666666668,up,21.19201142417218
11,car,1267.9333333333334,right,14.985014985015034
11,car,1301.3000000000002,right,76.40888382007142
11,car,1334.6666666666667,right,61.78479958468043
11,car,1368.0333333333335,right,21.19201142417218
11,car,1401.4,up,0.0
11,car,1434.7666666666669,up,74.92507492507465
11,car,1468.1333333333334,up,44.9550449550451
11,car,1501.5,up,0.0
11,car,1534.8666666666668,up,119.88011988011945
11,car,1568.2333333333331,right,44.9550449550454
11,car,1601.6,right,76.40888382007142
11,car,1634.9666666666667,right,47.38677812440112
11,car,1668.3333333333337,right,44.955044955044485
11,car,1701.7,up,0.0
11,car,1735.0666666666668,up,47.38677812440112
11,car,1768.4333333333336,up,59.940059940059726
12,truck,33.36666666666667,right,89.91008991008991
12,truck,66.73333333333333,right,47.38677812440129
12,truck,100.1,right,59.940059940059946
13,car,33.36666666666667,up,33.5075121503465
13,car,66.73333333333333,right,54.029239892067764
13,car,100.1,right,105.96005712086128
13,car,133.46666666666667,right,47.386778124401275
13,car,166.83333333333334,up,42.3840228483445
13,car,200.2,right,44.95504495504498
13,car,233.56666666666663,right,29.970029970029987
13,car,266.93333333333334,right,47.38677812440124
13,car,300.3,down,14.985014985014981
13,car,333.6666666666667,down,42.3840228483445
13,car,367.03333333333336,down,21.19201142417225
13,car,400.4,right,29.970029970030016
13,car,433.7666666666667,down,42.38402284834443
13,car,467.1333333333333,up,0.0
13,car,500.50000000000006,down,61.78479958468011
13,car,533.8666666666667,down,67.01502430069311
13,car,567.2333333333333,up,0.0
13,car,600.6,down,63.576034272516736
13,car,633.9666666666667,right,21.19201142417225
13,car,667.3333333333334,right,42.3840228483445
13,car,700.7,up,29.970029970029962
13,car,734.0666666666667,down,61.78479958468021
13,car,900.9,right,17.98201798201799
14,car,33.36666666666667,right,21.192011424172254
14,car,66.73333333333333,up,33.5075121503465
14,car,200.2,right,18.731268731268734
14,car,300.3,up,7.064003808057417
14,car,333.6666666666667,right,84.768045696689
14,car,367.03333333333336,right,33.50751215034649
14,car,400.4,down,74.92507492507504
14,car,433.7666666666667,up,33.507512150346436
14,car,500.50000000000006,right,21.19201142417225
14,car,533.8666666666667,right,59.94005994006003
14,car,567.2333333333333,right,14.985014985014981
14,car,700.7,down,15.446199896170052
14,car,734.0666666666667,right,74.92507492507491
14,car,767.4333333333334,right,33.50751215034649
14,car,800.8000000000001,up,21.19201142417225
14,car,1001.0,up,4.995004995004996
14,car,1034.3666666666666,right,14.985014985015034
14,car,1067.7333333333331,up,21.192011424172325
15,bus,33.36666666666667,right,14.985014985014983
15,bus,66.73333333333333,down,33.5075121503465
16,truck,33.36666666666667,up,14.985014985014983
16,truck,66.73333333333333,up,21.192011424172254
16,car,100.1,right,14.985014985014987
16,car,133.46666666666667,up,0.0
16,car,166.83333333333334,up,0.0
16,car,200.2,right,29.970029970029987
16,car,233.56666666666663,down,14.985014985014994
16,truck,266.93333333333334,right,42.384022848344465
16,truck,300.3,right,14.985014985014981
16,car,333.6666666666667,up,0.0
16,truck,367.03333333333336,up,21.19201142417225
16,truck,400.4,up,0.0
16,truck,433.7666666666667,down,33.507512150346436
16,truck,467.1333333333333,right,14.985014985015008
16,truck,500.50000000000006,down,21.192011424172215
16,truck,533.8666666666667,up,14.985014985015008
16,truck,567.2333333333333,up,0.0
16,truck,600.6,right,14.985014985014981
16,truck,633.9666666666667,right,44.95504495504494
16,truck,667.3333333333334,right,29.970029970029962
16,car,734.0666666666667,down,7.492507492507491
16,car,767.4333333333334,right,21.19201142417225
16,car,800.8000000000001,down,21.19201142417225
16,car,834.1666666666667,right,42.3840228483445
16,car,867.5333333333334,up,54.02923989206775
16,car,900.9,down,14.985014985015034
16,car,934.2666666666668,down,14.985014985014931
16,car,967.6333333333332,down,21.192011424172396
16,car,1001.0,right,14.985014985014931
16,car,1034.3666666666666,up,0.0
16,car,1067.7333333333331,up,0.0
16,car,1101.1,up,0.0
16,car,1134.4666666666667,right,14.985014985014931
16,car,1167.8333333333333,down,21.192011424172325
16,car,1201.2,up,21.19201142417218
16,car,1234.5666666666668,right,14.985014985014931
16,car,1267.9333333333334,up,0.0
16,car,1301.3000000000002,up,14.985014985014931
16,car,1334.6666666666667,down,14.985014985015034
16,car,1368.0333333333335,up,21.19201142417218
16,car,1401.4,down,14.985014985015034
16,car,1434.7666666666669,up,21.19201142417218
16,car,1468.1333333333334,up,0.0
16,car,1501.5,right,21.192011424172325
16,car,1534.8666666666668,up,0.0
16,car,1568.2333333333331,up,21.192011424172463
16,car,1601.6,up,14.985014985014931
16,car,1634.9666666666667,right,29.970029970029863
16,car,1668.3333333333337,right,14.985014985014828
16,car,1701.7,up,29.970029970030268
16,car,1735.0666666666668,up,14.985014985014931
16,car,1768.4333333333336,up,0.0
17,truck,33.36666666666667,up,104.8951048951049
17,car,66.73333333333333,right,47.38677812440129
17,car,100.1,right,21.192011424172257
17,car,133.46666666666667,up,216.116959568271
17,car,166.83333333333334,up,87.37690152115833
17,car,200.2,down,14.985014985014994
17,car,233.56666666666663,down,105.96005712086132
17,car,266.93333333333334,up,67.01502430069293
17,car,300.3,up,63.576034272516736
17,car,333.6666666666667,up,74.92507492507491
17,car,367.03333333333336,right,61.78479958468021
17,car,400.4,down,100.52253645103966
17,car,433.7666666666667,up,54.029239892067665
17,car,467.1333333333333,right,61.78479958468033
17,car,500.50000000000006,up,61.78479958468011
17,car,533.8666666666667,right,67.01502430069311
17,car,567.2333333333333,down,105.96005712086124
17,car,600.6,down,54.02923989206775
17,car,633.9666666666667,down,29.970029970029962
17,car,667.3333333333334,down,14.985014985014981
17,car,700.7,up,33.50751215034649
17,car,734.0666666666667,right,29.970029970029962
17,car,767.4333333333334,right,33.50751215034649
17,car,800.8000000000001,right,47.386778124401275
17,car,834.1666666666667,right,14.985014985014981
17,car,867.5333333333334,up,0.0
17,car,900.9,right,14.985014985015034
17,car,934.2666666666668,up,0.0
17,car,967.6333333333332,right,21.192011424172396
17,car,1001.0,up,14.985014985014931
17,car,1034.3666666666666,up,14.985014985015034
17,car,1067.7333333333331,up,14.985014985015034
17,car,1101.1,up,0.0
17,car,1134.4666666666667,up,14.985014985014931
17,car,1167.8333333333333,right,21.192011424172325
17,car,1201.2,right,29.970029970029863
17,car,1234.5666666666668,up,0.0
17,car,1267.9333333333334,up,0.0
17,car,1301.3000000000002,right,14.985014985014931
17,car,1334.6666666666667,up,0.0
17,car,1368.0333333333335,right,33.50751215034638
17,car,1401.4,up,14.985014985015034
17,car,1434.7666666666669,up,33.50751215034638
17,car,1468.1333333333334,up,21.192011424172325
17,car,1501.5,up,33.50751215034661
17,car,1534.8666666666668,up,14.985014985014931
17,car,1568.2333333333331,up,0.0
17,car,1601.6,up,21.19201142417218
17,car,1634.9666666666667,up,21.19201142417218
17,car,1668.3333333333337,up,14.985014985014828
17,car,1701.7,up,21.192011424172463
17,car,1735.0666666666668,right,29.970029970029863
17,car,1768.4333333333336,up,0.0
31,car,233.56666666666663,up,89.91008991008997
31,car,266.93333333333334,up,14.985014985014969
31,car,300.3,right,47.386778124401275
31,car,333.6666666666667,down,67.01502430069299
31,car,367.03333333333336,down,47.386778124401275
31,car,400.4,down,29.970029970030016
31,car,433.7666666666667,right,47.3867781244012
31,car,467.1333333333333,right,59.94005994006003
31,car,500.50000000000006,down,21.192011424172215
31,car,533.8666666666667,down,21.19201142417229
31,car,567.2333333333333,right,29.970029970029962
31,car,600.6,right,89.91008991008988
31,car,633.9666666666667,up,0.0
31,car,667.3333333333334,up,0.0
31,car,700.7,up,33.50751215034649
31,car,734.0666666666667,right,21.19201142417225
31,car,767.4333333333334,up,14.985014985014981
31,car,800.8000000000001,up,29.970029970029962
31,car,834.1666666666667,down,67.01502430069299
31,car,867.5333333333334,right,138.15501184754572
31,car,900.9,right,74.92507492507517
31,car,934.2666666666668,right,33.50751215034638
31,car,967.6333333333332,right,33.50751215034672
31,car,1001.0,down,14.985014985014931
31,car,1067.7333333333331,right,47.9754563244221
31,car,1101.1,up,29.970029970029863
31,car,1134.4666666666667,up,29.970029970029863
31,car,1167.8333333333333,right,44.9550449550451
31,car,1201.2,down,33.50751215034638
31,car,1234.5666666666668,up,21.19201142417218
31,car,1267.9333333333334,down,14.985014985015034
31,car,1301.3000000000002,down,29.970029970029863
31,car,1334.6666666666667,right,33.50751215034661
31,car,1368.0333333333335,up,47.38677812440112
31,car,1401.4,up,29.97002997003007
31,car,1434.7666666666669,right,21.19201142417218
31,car,1468.1333333333334,down,54.02923989206794
31,car,1501.5,up,21.192011424172325
31,car,1534.8666666666668,right,33.50751215034638
31,car,1568.2333333333331,right,54.029239892068304
31,car,1601.6,up,33.50751215034638
31,car,1634.9666666666667,down,21.19201142417218
31,car,1668.3333333333337,down,14.985014985014828
31,car,1701.7,up,21.192011424172463
31,car,1735.0666666666668,down,29.970029970029863
31,car,1768.4333333333336,down,21.19201142417218
45,car,333.6666666666667,right,61.78479958468021
48,truck,333.6666666666667,right,74.92507492507491
62,car,433.7666666666667,right,105.96005712086107
62,car,467.1333333333333,right,59.94005994006003
62,car,500.50000000000006,right,104.8951048951047
62,car,533.8666666666667,up,42.38402284834458
62,car,567.2333333333333,right,254.74525474525467
62,car,600.6,up,120.81305317130689
62,car,633.9666666666667,up,109.09255578342432
62,car,667.3333333333334,up,33.50751215034649
62,car,700.7,up,0.0
62,car,734.0666666666667,right,21.19201142417225
62,car,767.4333333333334,up,29.970029970029962
62,car,800.8000000000001,up,61.78479958468021
62,car,834.1666666666667,down,14.985014985014981
62,car,867.5333333333334,up,14.985014985014981
62,car,900.9,up,21.192011424172325
62,car,934.2666666666668,up,33.50751215034638
62,car,967.6333333333332,right,44.95504495504525
62,car,1001.0,right,14.985014985014931
62,car,1034.3666666666666,up,29.97002997003007
62,car,1067.7333333333331,down,14.985014985015034
62,car,1101.1,up,44.95504495504479
62,car,1134.4666666666667,right,29.970029970029863
62,car,1167.8333333333333,up,44.9550449550451
62,car,1201.2,up,14.985014985014931
62,car,1234.5666666666668,up,0.0
62,car,1267.9333333333334,right,14.985014985015034
62,car,1301.3000000000002,right,33.50751215034638
62,car,1334.6666666666667,right,33.50751215034661
62,car,1368.0333333333335,right,47.38677812440112
62,car,1401.4,right,21.192011424172325
62,car,1434.7666666666669,right,59.940059940059726
62,car,1468.1333333333334,up,14.985014985015034
62,car,1501.5,up,14.985014985015034
62,car,1534.8666666666668,right,29.970029970029863
62,car,1568.2333333333331,right,44.9550449550454
62,car,1601.6,right,44.95504495504479
62,car,1634.9666666666667,up,21.19201142417218
62,car,1668.3333333333337,right,59.940059940059314
62,car,1701.7,up,14.985014985015134
62,car,1735.0666666666668,up,21.19201142417218
62,car,1768.4333333333336,up,29.970029970029863
65,car,433.7666666666667,down,21.192011424172215
65,car,467.1333333333333,right,29.970029970030016
65,car,500.50000000000006,right,29.970029970029913
65,car,533.8666666666667,up,0.0
65,car,567.2333333333333,up,29.970029970029962
65,car,600.6,right,14.985014985014981
65,car,633.9666666666667,right,14.985014985014981
65,car,667.3333333333334,right,29.970029970029962
69,person,533.8666666666667,right,160.1520433754386
69,person,567.2333333333333,up,44.95504495504494
69,person,600.6,right,89.91008991008988
69,person,734.0666666666667,right,152.1274263554966
69,person,1134.4666666666667,right,90.06604855273208
69,person,1167.8333333333333,right,91.15028766680678
69,person,1201.2,right,109.09255578342395
69,person,1234.5666666666668,right,94.77355624880224
69,person,1267.9333333333334,right,224.7752247752255
69,person,1301.3000000000002,right,164.83516483516425
69,person,1334.6666666666667,right,150.5975367800338
69,person,1368.0333333333335,right,149.8501498501493
69,person,1401.4,right,134.8651348651353
69,person,1434.7666666666669,right,224.77522477522396
69,person,1468.1333333333334,right,120.81305317130732
69,person,1501.5,right,195.3806914646155
69,person,1534.8666666666668,right,225.2741715040887
69,person,1568.2333333333331,right,269.7302697302724
69,person,1601.6,right,210.32470800626595
69,person,1634.9666666666667,right,211.92011424172176
69,person,1668.3333333333337,right,224.77522477522243
69,person,1701.7,right,194.80519480519672
69,person,1735.0666666666668,right,195.38069146461416
69,person,1768.4333333333336,right,210.32470800626595
71,motorcycle,467.1333333333333,right,195.38069146461518
71,motorcycle,533.8666666666667,right,292.591771075424
71,motorcycle,567.2333333333333,right,232.62999045344685
71,motorcycle,600.6,right,199.92503592596898
71,motorcycle,633.9666666666667,right,175.3951035572371
71,motorcycle,667.3333333333334,right,247.13919833872083
71,motorcycle,700.7,right,434.8237201362709
71,motorcycle,867.5333333333334,right,232.34022909068094
71,motorcycle,900.9,right,359.9524120718587
71,motorcycle,934.2666666666668,right,316.10923740852513
71,motorcycle,967.6333333333332,right,225.27417150409102
71,motorcycle,1001.0,right,300.0746912262844
71,motorcycle,1101.1,right,366.30793441157084
71,motorcycle,1134.4666666666667,right,303.05317306927986
71,motorcycle,1167.8333333333333,right,300.0746912262865
71,motorcycle,1201.2,right,209.79020979020902
71,motorcycle,1267.9333333333334,right,439.76615157330224
71,motorcycle,1334.6666666666667,right,405.7038872331932
71,motorcycle,1434.7666666666669,right,431.9163229472035
71,motorcycle,1468.1333333333334,right,559.485155921914
71,motorcycle,1534.8666666666668,right,380.64592794846754
73,truck,500.50000000000006,right,14.985014985014956
79,car,533.8666666666667,right,47.38677812440137
79,car,567.2333333333333,right,44.95504495504494
79,car,600.6,right,61.78479958468021
79,car,633.9666666666667,right,59.940059940059925
79,car,667.3333333333334,right,44.95504495504494
79,car,700.7,down,42.3840228483445
79,car,734.0666666666667,right,61.78479958468021
79,car,767.4333333333334,right,47.386778124401275
79,car,800.8000000000001,right,59.940059940059925
79,car,834.1666666666667,right,47.386778124401275
79,car,867.5333333333334,right,33.50751215034649
79,car,900.9,down,21.192011424172325
79,car,934.2666666666668,right,14.985014985014931
79,car,967.6333333333332,right,33.50751215034672
79,car,1001.0,right,29.970029970029863
79,car,1034.3666666666666,down,21.192011424172325
79,car,1067.7333333333331,right,59.94005994006014
79,car,1101.1,right,14.985014985014931
79,car,1134.4666666666667,right,33.50751215034638
81,car,567.2333333333333,right,61.78479958468021
81,car,600.6,up,14.985014985014981
81,car,633.9666666666667,right,14.985014985014981
81,car,667.3333333333334,up,47.386778124401275
81,car,700.7,up,54.02923989206775
81,car,734.0666666666667,right,29.970029970029962
81,car,767.4333333333334,up,29.970029970029962
81,car,800.8000000000001,right,29.970029970029962
81,car,834.1666666666667,down,21.19201142417225
81,car,867.5333333333334,right,29.970029970029962
81,car,900.9,down,21.192011424172325
81,car,934.2666666666668,right,14.985014985014931
81,car,967.6333333333332,right,44.95504495504525
81,car,1001.0,up,14.985014985014931
81,car,1034.3666666666666,right,47.386778124401445
81,car,1067.7333333333331,up,44.9550449550451
81,car,1101.1,up,0.0
81,car,1134.4666666666667,up,14.985014985014931
81,car,1167.8333333333333,up,14.985014985015034
81,car,1201.2,down,21.19201142417218
81,car,1234.5666666666668,up,0.0
81,car,1267.9333333333334,right,14.985014985015034
81,car,1301.3000000000002,right,47.38677812440112
81,car,1334.6666666666667,up,0.0
81,car,1368.0333333333335,up,44.95504495504479
81,car,1401.4,up,14.985014985015034
81,car,1434.7666666666669,up,29.970029970029863
81,car,1468.1333333333334,down,14.985014985015034
81,car,1501.5,up,29.97002997003007
81,car,1534.8666666666668,up,0.0
81,car,1568.2333333333331,up,0.0
81,car,1601.6,right,14.985014985014931
81,car,1634.9666666666667,up,0.0
81,car,1668.3333333333337,up,14.985014985014828
81,car,1701.7,up,14.985014985015134
81,car,1735.0666666666668,right,14.985014985014931
81,car,1768.4333333333336,up,0.0
85,bus,600.6,up,21.19201142417225
85,bus,867.5333333333334,up,3.7462537462537453
85,bus,1001.0,right,16.75375607517326
89,car,667.3333333333334,down,44.95504495504494
89,car,767.4333333333334,right,24.97502497502497
89,car,800.8000000000001,up,0.0
89,car,834.1666666666667,up,14.985014985014981
89,car,900.9,down,16.75375607517328
89,car,934.2666666666668,right,29.970029970029863
89,car,967.6333333333332,right,67.01502430069344
89,car,1001.0,up,14.985014985014931
89,car,1034.3666666666666,up,33.50751215034661
89,car,1067.7333333333331,down,33.50751215034661
89,car,1101.1,down,29.970029970029863
89,car,1134.4666666666667,down,33.50751215034638
89,car,1167.8333333333333,right,14.985014985015034
89,car,1201.2,down,14.985014985014931
89,car,1234.5666666666668,up,47.38677812440112
89,car,1267.9333333333334,up,29.97002997003007
89,car,1301.3000000000002,up,14.985014985014931
89,car,1334.6666666666667,right,14.985014985015034
89,car,1368.0333333333335,down,42.38402284834436
89,car,1401.4,right,33.50751215034661
89,car,1434.7666666666669,down,33.50751215034638
89,car,1468.1333333333334,down,67.01502430069321
98,person,800.8000000000001,right,105.96005712086124
98,person,834.1666666666667,right,392.1953744745973
98,person,867.5333333333334,right,214.5527631859593
98,person,900.9,right,21.192011424172325
98,person,934.2666666666668,up,123.56959916936
98,person,967.6333333333332,right,479.5204795204827
98,person,1067.7333333333331,right,192.16167893777583
98,person,1134.4666666666667,right,295.6456492050268
98,person,1167.8333333333333,right,156.4481494841746
98,person,1201.2,right,345.95593548297165
98,person,1234.5666666666668,right,540.2923989206757
98,person,1267.9333333333334,right,394.1941989400384
98,person,1301.3000000000002,right,495.4128447996947
98,person,1334.6666666666667,right,359.9524120718587
98,person,1368.0333333333335,right,251.19462458901324
98,person,1401.4,right,616.0281156172188
98,person,1434.7666666666669,right,465.5012357744958
98,person,1501.5,right,247.1391983387217
98,person,1534.8666666666668,right,232.62999045344608
98,person,1568.2333333333331,right,794.3471496922299
98,person,1601.6,right,714.4254210425679
98,person,1668.3333333333337,right,339.8163977157389
98,person,1735.0666666666668,right,660.4040784042071
114,bus,1167.8333333333333,right,14.985014985015034
114,bus,1201.2,up,14.985014985014931
114,bus,1234.5666666666668,up,21.19201142417218
114,bus,1267.9333333333334,up,0.0
114,bus,1301.3000000000002,up,14.985014985014931
114,bus,1334.6666666666667,right,21.192011424172325
114,bus,1368.0333333333335,up,14.985014985014931
114,bus,1401.4,right,14.985014985015034
114,bus,1434.7666666666669,up,14.985014985014931
114,bus,1468.1333333333334,up,0.0
114,bus,1501.5,down,14.985014985015034
114,bus,1534.8666666666668,right,14.985014985014931
114,bus,1568.2333333333331,down,14.985014985015134
114,bus,1601.6,up,14.985014985014931
114,bus,1634.9666666666667,right,14.985014985014931
114,bus,1668.3333333333337,up,0.0
114,bus,1701.7,up,14.985014985015134
114,bus,1735.0666666666668,up,14.985014985014931
134,person,1501.5,right,209.9239619298993
134,person,1534.8666666666668,right,332.7213283392773
134,person,1568.2333333333331,right,150.5975367800348
134,person,1601.6,right,256.50213938996444
134,person,1634.9666666666667,right,197.09709947001784
134,person,1668.3333333333337,right,167.53756075173075
134,person,1701.7,right,195.3806914646168
134,person,1735.0666666666668,right,211.92011424172176
134,person,1768.4333333333336,right,152.81776764014285
138,person,1534.8666666666668,right,14.985014985014931
138,person,1568.2333333333331,right,89.9100899100908
138,person,1601.6,right,104.89510489510451
138,person,1701.7,right,105.36974580284196
138,person,1735.0666666666668,up,21.19201142417218
138,person,1768.4333333333336,right,59.940059940059726
140,car,1601.6,right,44.95504495504479
140,car,1634.9666666666667,right,29.970029970029863
