timestamp_ms,track_id,class,x_min,y_min,x_max,y_max
0.0,1,car,832,1836,1079,1918
0.0,2,car,1,1806,87,1919
0.0,3,bus,585,940,720,1090
0.0,4,car,278,1051,370,1151
0.0,5,car,350,1274,519,1486
0.0,6,bus,2,1303,227,1658
0.0,7,car,708,1443,984,1799
0.0,8,car,260,1454,520,1858
0.0,9,car,384,1151,510,1279
0.0,10,truck,707,1444,986,1798
0.0,11,car,414,1054,511,1154
0.0,12,truck,1,1304,227,1658
0.0,13,car,316,990,397,1062
0.0,14,car,466,1013,541,1084
0.0,15,bus,259,1454,519,1859
0.0,16,truck,647,1251,809,1443
0.0,17,car,142,1139,310,1325
33.36666666666667,1,car,834,1836,1079,1919
33.36666666666667,2,car,1,1808,86,1919
33.36666666666667,3,bus,585,941,721,1090
33.36666666666667,4,car,277,1052,370,1152
33.36666666666667,5,car,350,1276,519,1486
33.36666666666667,6,bus,1,1305,226,1661
33.36666666666667,7,car,708,1444,983,1800
33.36666666666667,8,car,259,1455,521,1858
33.36666666666667,9,car,385,1151,510,1276
33.36666666666667,10,truck,707,1445,985,1799
33.36666666666667,11,car,415,1055,511,1153
33.36666666666667,12,truck,1,1307,227,1661
33.36666666666667,13,car,317,987,398,1064
33.36666666666667,14,car,466,1012,542,1086
33.36666666666667,15,bus,259,1455,519,1859
33.36666666666667,16,truck,647,1251,810,1443
33.36666666666667,17,truck,141,1133,311,1324
66.73333333333333,1,car,834,1836,1078,1918
66.73333333333333,2,car,1,1809,86,1919
66.73333333333333,3,bus,584,941,721,1090
66.73333333333333,4,car,277,1052,370,1154
66.73333333333333,5,car,350,1276,517,1486
66.73333333333333,6,bus,1,1307,226,1663
66.73333333333333,7,car,708,1444,983,1800
66.73333333333333,8,car,258,1457,520,1857
66.73333333333333,9,car,387,1158,507,1275
66.73333333333333,10,truck,707,1445,985,1799
66.73333333333333,11,car,414,1055,510,1151
66.73333333333333,12,truck,1,1309,226,1662
66.73333333333333,13,car,316,988,397,1066
66.73333333333333,14,car,465,1012,541,1085
66.73333333333333,15,bus,258,1456,518,1859
66.73333333333333,16,truck,646,1251,810,1442
66.73333333333333,17,car,141,1135,310,1325
100.10000000000001,1,car,834,1837,1079,1919
100.10000000000001,2,car,1,1809,86,1919
100.10000000000001,3,bus,584,942,722,1090
100.10000000000001,4,car,277,1053,369,1155
100.10000000000001,5,car,351,1276,519,1486
100.10000000000001,6,bus,1,1309,226,1667
100.10000000000001,7,car,709,1444,983,1801
100.10000000000001,8,car,258,1457,520,1858
100.10000000000001,9,car,383,1151,509,1292
100.10000000000001,10,truck,707,1445,986,1799
100.10000000000001,11,car,415,1055,511,1151
100.10000000000001,12,truck,1,1310,226,1665
100.10000000000001,13,car,316,993,396,1068
100.10000000000001,14,car,463,1011,542,1088
100.10000000000001,16,car,647,1251,809,1443
100.10000000000001,17,car,142,1136,310,1325
133.46666666666667,1,car,834,1838,1078,1919
133.46666666666667,2,car,0,1811,87,1919
133.46666666666667,3,bus,584,942,723,1100
133.46666666666667,4,car,275,1054,367,1155
133.46666666666667,5,car,351,1275,520,1488
133.46666666666667,6,bus,1,1312,225,1671
133.46666666666667,7,car,708,1444,983,1801
133.46666666666667,8,car,258,1458,521,1859
133.46666666666667,9,car,382,1148,511,1290
133.46666666666667,10,truck,707,1446,986,1799
133.46666666666667,11,car,414,1055,512,1156
133.46666666666667,12,truck,1,1313,225,1669
133.46666666666667,13,car,316,993,397,1071
133.46666666666667,14,car,462,1010,543,1092
133.46666666666667,16,car,647,1250,809,1444
133.46666666666667,17,car,157,1144,307,1325
166.83333333333334,1,car,833,1838,1078,1919
166.83333333333334,2,car,0,1811,87,1919
166.83333333333334,3,bus,584,942,722,1096
166.83333333333334,4,car,276,1055,367,1154
166.83333333333334,5,car,351,1277,521,1489
166.83333333333334,6,bus,2,1314,225,1674
166.83333333333334,7,car,708,1445,983,1801
166.83333333333334,8,car,258,1459,521,1859
166.83333333333334,9,car,381,1148,512,1297
166.83333333333334,10,truck,707,1446,985,1799
166.83333333333334,11,car,414,1054,512,1154
166.83333333333334,12,truck,1,1315,225,1673
166.83333333333334,13,car,317,991,398,1071
166.83333333333334,14,car,464,1007,543,1092
166.83333333333334,16,car,647,1250,809,1444
166.83333333333334,17,car,153,1139,308,1325
200.20000000000002,1,car,833,1839,1078,1919
200.20000000000002,2,car,1,1811,87,1919
200.20000000000002,3,bus,584,943,722,1095
200.20000000000002,4,car,276,1054,368,1154
200.20000000000002,5,car,351,1278,521,1490
200.20000000000002,6,truck,1,1315,224,1675
200.20000000000002,7,car,708,1445,983,1801
200.20000000000002,8,car,257,1458,521,1860
200.20000000000002,9,car,380,1150,512,1302
200.20000000000002,11,car,413,1055,514,1157
200.20000000000002,12,bus,1,1316,224,1675
200.20000000000002,13,car,317,993,398,1072
200.20000000000002,14,car,465,1008,543,1092
200.20000000000002,16,car,647,1252,809,1444
200.20000000000002,17,car,152,1139,308,1325
200.20000000000002,31,car,374,930,433,989
233.56666666666666,1,car,834,1840,1078,1919
233.56666666666666,2,car,1,1811,86,1919
233.56666666666666,3,bus,585,943,722,1094
233.56666666666666,4,car,277,1055,368,1156
233.56666666666666,5,car,350,1277,521,1490
233.56666666666666,6,car,1,1317,223,1678
233.56666666666666,7,car,709,1445,984,1801
233.56666666666666,8,car,257,1458,521,1860
233.56666666666666,9,car,380,1151,513,1293
233.56666666666666,11,car,413,1056,513,1156
233.56666666666666,12,bus,1,1318,224,1677
233.56666666666666,13,car,317,994,398,1073
233.56666666666666,14,car,466,1008,543,1091
233.56666666666666,16,car,646,1252,809,1444
233.56666666666666,17,car,148,1142,307,1327
233.56666666666666,31,car,373,924,434,989
233.56666666666666,34,person,552,1213,596,1279
266.93333333333334,1,car,834,1841,1078,1919
266.93333333333334,2,car,0,1811,86,1919
266.93333333333334,3,bus,585,944,721,1094
266.93333333333334,4,car,277,1058,365,1157
266.93333333333334,5,car,350,1278,521,1492
266.93333333333334,6,car,1,1318,222,1681
266.93333333333334,7,car,708,1445,983,1802
266.93333333333334,8,car,257,1461,521,1861
266.93333333333334,9,car,380,1151,513,1286
266.93333333333334,11,car,415,1056,512,1153
266.93333333333334,12,bus,1,1320,223,1681
266.93333333333334,13,car,317,996,399,1074
266.93333333333334,14,car,467,1013,542,1094
266.93333333333334,16,truck,647,1254,810,1444
266.93333333333334,17,car,150,1140,309,1327
266.93333333333334,31,car,374,922,434,991
266.93333333333334,34,person,555,1219,595,1281
300.3,1,car,834,1841,1078,1919
300.3,2,car,0,1812,86,1919
300.3,3,bus,585,945,722,1093
300.3,4,car,277,1061,365,1157
300.3,5,car,350,1279,520,1493
300.3,6,car,1,1319,222,1684
300.3,7,car,708,1445,983,1802
300.3,8,car,257,1463,522,1862
300.3,9,car,382,1151,513,1281
300.3,11,car,416,1057,512,1154
300.3,12,bus,0,1320,223,1684
300.3,13,car,316,996,399,1074
300.3,14,car,467,1015,541,1086
300.3,16,truck,647,1255,810,1444
300.3,17,car,152,1137,310,1327
300.3,31,car,375,925,434,991
300.3,34,person,551,1228,598,1293
300.3,46,truck,1,1318,222,1684
333.6666666666667,1,car,833,1841,1078,1919
333.6666666666667,2,car,0,1815,86,1919
333.6666666666667,3,bus,586,946,723,1094
333.6666666666667,4,car,277,1061,366,1158
333.6666666666667,5,car,350,1279,519,1493
333.6666666666667,6,truck,1,1320,222,1687
333.6666666666667,7,car,709,1446,982,1803
333.6666666666667,8,car,257,1463,523,1863
333.6666666666667,9,car,385,1155,511,1280
333.6666666666667,11,car,417,1056,513,1154
333.6666666666667,12,bus,0,1322,223,1687
333.6666666666667,13,car,315,998,398,1074
333.6666666666667,14,car,469,1012,543,1093
333.6666666666667,16,car,647,1254,810,1445
333.6666666666667,17,car,157,1138,310,1326
333.6666666666667,31,car,372,926,433,992
333.6666666666667,34,person,552,1233,600,1297
333.6666666666667,46,car,1,1321,221,1685
367.03333333333336,1,car,833,1842,1078,1919
367.03333333333336,2,car,0,1816,86,1919
367.03333333333336,3,bus,585,946,723,1098
367.03333333333336,4,car,276,1063,365,1159
367.03333333333336,5,car,351,1281,520,1493
367.03333333333336,7,car,709,1447,983,1803
367.03333333333336,8,car,257,1463,522,1863
367.03333333333336,9,car,380,1156,514,1316
367.03333333333336,11,car,415,1057,514,1159
367.03333333333336,12,bus,0,1323,222,1689
367.03333333333336,13,car,314,998,398,1075
367.03333333333336,14,car,468,1011,543,1095
367.03333333333336,16,truck,648,1254,810,1444
367.03333333333336,17,car,156,1141,310,1327
367.03333333333336,31,car,370,926,432,993
367.03333333333336,34,person,554,1238,599,1301
400.40000000000003,1,car,833,1843,1078,1919
400.40000000000003,2,car,0,1817,86,1919
400.40000000000003,3,bus,584,946,722,1098
400.40000000000003,4,car,274,1062,364,1160
400.40000000000003,5,car,351,1281,520,1493
400.40000000000003,7,car,708,1448,983,1804
400.40000000000003,8,car,257,1461,521,1863
400.40000000000003,9,car,379,1157,513,1326
400.40000000000003,11,car,414,1057,514,1163
400.40000000000003,12,car,1,1323,222,1692
400.40000000000003,13,car,314,998,398,1077
400.40000000000003,14,car,465,1010,542,1099
400.40000000000003,16,truck,648,1253,810,1445
400.40000000000003,17,car,151,1144,309,1327
400.40000000000003,31,car,369,925,431,994
400.40000000000003,34,person,553,1245,602,1320
400.40000000000003,59,car,386,1158,509,1282
400.40000000000003,62,car,647,1253,809,1446
433.7666666666667,1,car,833,1844,1078,1919
433.7666666666667,2,car,0,1819,86,1919
433.7666666666667,3,bus,586,946,722,1096
433.7666666666667,4,car,272,1062,364,1161
433.7666666666667,5,car,350,1280,520,1493
433.7666666666667,7,car,708,1449,985,1803
433.7666666666667,8,car,258,1462,522,1863
433.7666666666667,11,car,414,1057,514,1166
433.7666666666667,12,car,1,1324,221,1695
433.7666666666667,13,car,314,999,396,1078
433.7666666666667,14,car,466,1013,543,1097
433.7666666666667,16,truck,647,1254,809,1445
433.7666666666667,17,car,147,1142,310,1327
433.7666666666667,31,car,369,928,430,994
433.7666666666667,34,person,552,1251,602,1321
433.7666666666667,59,car,386,1160,508,1287
433.7666666666667,62,car,647,1253,808,1447
433.7666666666667,65,person,537,1098,571,1189
433.7666666666667,67,person,556,1309,605,1399
467.1333333333333,1,car,832,1844,1078,1919
467.1333333333333,2,car,0,1819,86,1919
467.1333333333333,3,bus,586,945,722,1093
467.1333333333333,4,car,272,1061,363,1161
467.1333333333333,5,car,350,1280,519,1493
467.1333333333333,7,car,707,1450,986,1803
467.1333333333333,8,car,258,1464,523,1864
467.1333333333333,11,car,414,1059,514,1164
467.1333333333333,12,bus,2,1325,221,1698
467.1333333333333,13,car,314,999,396,1078
467.1333333333333,14,car,467,1015,543,1092
467.1333333333333,16,truck,647,1254,809,1446
467.1333333333333,17,car,146,1145,310,1328
467.1333333333333,31,car,369,931,430,995
467.1333333333333,34,person,552,1256,606,1329
467.1333333333333,59,car,386,1163,508,1288
467.1333333333333,62,car,647,1254,808,1448
467.1333333333333,65,person,538,1116,571,1193
467.1333333333333,67,motorcycle,558,1320,604,1401
467.1333333333333,69,truck,707,1449,985,1802
500.50000000000006,1,car,832,1845,1078,1919
500.50000000000006,2,car,0,1820,86,1919
500.50000000000006,3,bus,586,946,723,1092
500.50000000000006,4,car,272,1061,364,1162
500.50000000000006,5,car,350,1281,520,1493
500.50000000000006,7,car,708,1451,986,1804
500.50000000000006,8,car,258,1465,523,1866
500.50000000000006,11,car,415,1059,514,1161
500.50000000000006,12,bus,1,1327,221,1700
500.50000000000006,13,car,312,1000,394,1078
500.50000000000006,14,car,467,1016,544,1095
500.50000000000006,16,truck,646,1255,809,1446
500.50000000000006,17,car,150,1146,310,1326
500.50000000000006,31,car,368,930,430,997
500.50000000000006,34,person,553,1264,609,1350
500.50000000000006,59,car,386,1163,508,1295
500.50000000000006,62,car,647,1256,808,1448
500.50000000000006,65,car,537,1112,573,1195
500.50000000000006,67,motorcycle,559,1332,605,1418
500.50000000000006,69,truck,707,1450,985,1802
500.50000000000006,74,car,1,1326,220,1700
533.8666666666667,1,car,833,1846,1078,1919
533.8666666666667,2,car,0,1821,87,1919
533.8666666666667,3,bus,586,948,721,1093
533.8666666666667,4,car,273,1063,366,1163
533.8666666666667,5,car,350,1281,519,1493
533.8666666666667,7,car,708,1451,986,1805
533.8666666666667,8,car,257,1465,523,1867
533.8666666666667,11,car,414,1062,514,1161
533.8666666666667,12,bus,0,1328,221,1703
533.8666666666667,13,car,309,1001,393,1079
533.8666666666667,14,car,467,1016,545,1099
533.8666666666667,16,truck,646,1254,809,1446
533.8666666666667,17,car,149,1150,309,1326
533.8666666666667,31,car,367,929,430,999
533.8666666666667,34,person,557,1268,609,1356
533.8666666666667,59,car,386,1163,510,1293
533.8666666666667,62,car,647,1256,808,1448
533.8666666666667,65,person,537,1117,573,1202
533.8666666666667,67,motorcycle,560,1338,604,1425
533.8666666666667,74,car,1,1327,219,1702
533.8666666666667,76,car,646,1153,768,1266
567.2333333333333,1,car,834,1846,1078,1919
567.2333333333333,2,car,0,1822,87,1919
567.2333333333333,3,bus,586,948,720,1093
567.2333333333333,4,car,274,1064,368,1164
567.2333333333333,5,car,351,1280,519,1494
567.2333333333333,7,car,708,1451,987,1805
567.2333333333333,8,car,257,1465,522,1867
567.2333333333333,11,car,414,1064,515,1162
567.2333333333333,12,bus,0,1329,221,1705
567.2333333333333,13,car,310,1001,392,1079
567.2333333333333,14,car,466,1016,545,1101
567.2333333333333,16,truck,646,1254,809,1446
567.2333333333333,17,car,145,1154,308,1327
567.2333333333333,31,car,367,930,430,1000
567.2333333333333,34,person,563,1272,607,1354
567.2333333333333,59,car,384,1162,512,1311
567.2333333333333,62,car,647,1254,808,1448
567.2333333333333,65,person,539,1115,574,1204
567.2333333333333,67,motorcycle,561,1342,607,1434
567.2333333333333,74,car,0,1327,220,1705
567.2333333333333,76,car,647,1154,768,1269
567.2333333333333,80,bus,553,868,618,954
600.6,1,car,835,1847,1078,1919
600.6,2,car,0,1823,87,1919
600.6,3,bus,586,949,720,1094
600.6,4,car,274,1065,370,1164
600.6,5,car,352,1281,519,1493
600.6,7,car,708,1452,987,1806
600.6,8,car,257,1464,521,1868
600.6,11,car,413,1064,515,1163
600.6,12,bus,0,1331,221,1708
600.6,13,car,308,1003,391,1080
600.6,14,car,466,1015,543,1100
600.6,16,truck,646,1254,809,1447
600.6,17,car,143,1155,307,1328
600.6,31,car,367,934,430,1002
600.6,34,person,561,1279,609,1364
600.6,59,car,386,1161,511,1304
600.6,62,car,647,1254,808,1449
600.6,65,person,540,1116,573,1208
600.6,67,motorcycle,563,1351,608,1438
600.6,74,car,0,1329,219,1707
600.6,76,car,648,1153,768,1270
600.6,80,bus,552,866,618,955
633.9666666666667,1,car,835,1847,1078,1919
633.9666666666667,2,car,0,1824,87,1919
633.9666666666667,3,bus,585,950,720,1094
633.9666666666667,4,car,273,1064,370,1164
633.9666666666667,5,car,351,1281,518,1491
633.9666666666667,7,car,708,1452,987,1806
633.9666666666667,8,car,257,1463,521,1868
633.9666666666667,11,car,413,1065,515,1169
633.9666666666667,12,bus,0,1334,220,1711
633.9666666666667,13,car,310,1003,390,1081
633.9666666666667,14,car,466,1016,543,1094
633.9666666666667,16,truck,646,1256,809,1448
633.9666666666667,17,car,142,1154,306,1329
633.9666666666667,31,car,367,934,430,1002
633.9666666666667,34,person,557,1288,611,1374
633.9666666666667,59,car,387,1162,508,1296
633.9666666666667,62,car,647,1255,808,1449
633.9666666666667,65,person,541,1117,576,1196
633.9666666666667,67,motorcycle,560,1356,607,1443
633.9666666666667,74,car,0,1331,219,1709
633.9666666666667,76,car,648,1152,768,1272
633.9666666666667,80,bus,552,866,618,955
633.9666666666667,83,car,407,905,450,943
667.3333333333334,1,car,834,1848,1078,1919
667.3333333333334,2,car,0,1825,86,1919
667.3333333333334,3,bus,586,951,720,1094
667.3333333333334,4,car,273,1062,370,1163
667.3333333333334,5,car,351,1282,517,1488
667.3333333333334,7,car,708,1452,987,1807
667.3333333333334,8,car,257,1464,522,1868
667.3333333333334,11,car,414,1065,515,1174
667.3333333333334,12,bus,0,1335,219,1712
667.3333333333334,13,car,312,1004,390,1082
667.3333333333334,14,car,466,1018,543,1099
667.3333333333334,16,truck,646,1257,809,1449
667.3333333333334,17,car,141,1154,306,1329
667.3333333333334,31,car,367,933,430,1003
667.3333333333334,34,person,558,1293,612,1375
667.3333333333334,59,car,387,1164,507,1292
667.3333333333334,62,car,647,1257,808,1449
667.3333333333334,65,person,542,1134,577,1202
667.3333333333334,67,motorcycle,561,1358,610,1458
667.3333333333334,74,car,1,1332,218,1711
667.3333333333334,76,car,649,1151,768,1270
667.3333333333334,80,bus,551,865,617,955
667.3333333333334,83,car,407,906,447,942
700.7,1,car,835,1848,1078,1919
700.7,2,car,0,1827,86,1919
700.7,3,bus,586,952,720,1094
700.7,4,car,273,1062,369,1165
700.7,5,car,351,1284,517,1487
700.7,7,car,710,1452,985,1809
700.7,8,car,257,1465,523,1869
700.7,11,car,414,1064,514,1170
700.7,12,bus,0,1335,218,1712
700.7,13,car,313,1005,391,1081
700.7,14,car,466,1019,542,1098
700.7,17,car,140,1152,306,1329
700.7,31,car,367,931,431,1003
700.7,34,person,562,1302,612,1385
700.7,59,car,387,1165,507,1291
700.7,65,car,543,1134,580,1205
700.7,67,motorcycle,563,1373,609,1471
700.7,74,car,0,1333,217,1712
700.7,76,car,648,1151,767,1267
700.7,83,car,406,907,445,939
734.0666666666667,1,car,836,1848,1078,1919
734.0666666666667,2,car,0,1827,86,1919
734.0666666666667,3,bus,586,952,720,1094
734.0666666666667,4,car,274,1064,369,1166
734.0666666666667,5,car,350,1283,517,1488
734.0666666666667,7,car,710,1452,984,1809
734.0666666666667,8,car,257,1466,523,1870
734.0666666666667,11,car,414,1065,514,1170
734.0666666666667,12,bus,0,1337,217,1715
734.0666666666667,13,car,309,1005,391,1082
734.0666666666667,14,car,465,1021,542,1101
734.0666666666667,17,car,139,1152,307,1331
734.0666666666667,31,car,368,931,431,1004
734.0666666666667,34,person,559,1311,616,1404
734.0666666666667,59,car,387,1167,508,1290
734.0666666666667,65,person,543,1137,581,1202
734.0666666666667,67,motorcycle,560,1376,611,1480
734.0666666666667,74,car,0,1334,216,1715
734.0666666666667,76,car,647,1153,768,1267
734.0666666666667,83,car,407,907,446,938
734.0666666666667,16,car,646,1256,808,1450
767.4333333333334,1,car,836,1848,1077,1919
767.4333333333334,2,car,0,1828,86,1919
767.4333333333334,3,bus,586,953,720,1095
767.4333333333334,4,car,275,1064,369,1167
767.4333333333334,5,car,350,1283,518,1489
767.4333333333334,7,car,711,1453,983,1810
767.4333333333334,8,car,257,1466,524,1870
767.4333333333334,11,car,415,1067,514,1169
767.4333333333334,12,bus,0,1338,217,1716
767.4333333333334,13,car,308,1007,392,1083
767.4333333333334,14,car,465,1023,543,1102
767.4333333333334,17,car,139,1153,308,1332
767.4333333333334,31,car,368,930,431,1004
767.4333333333334,34,person,557,1316,618,1449
767.4333333333334,59,car,387,1168,508,1287
767.4333333333334,65,person,544,1143,581,1211
767.4333333333334,67,motorcycle,561,1381,612,1490
767.4333333333334,74,car,1,1335,216,1717
767.4333333333334,76,car,647,1153,768,1265
767.4333333333334,83,car,407,909,447,942
767.4333333333334,16,car,647,1256,808,1451
800.8000000000001,1,car,837,1848,1078,1919
800.8000000000001,2,car,2,1830,86,1919
800.8000000000001,3,bus,586,953,721,1096
800.8000000000001,4,car,275,1063,368,1167
800.8000000000001,5,car,350,1282,518,1489
800.8000000000001,7,car,711,1453,984,1810
800.8000000000001,8,car,257,1466,524,1870
800.8000000000001,11,car,415,1068,515,1169
800.8000000000001,12,bus,0,1339,216,1719
800.8000000000001,13,car,307,1009,394,1088
800.8000000000001,14,car,465,1023,542,1101
800.8000000000001,17,car,138,1155,308,1333
800.8000000000001,31,car,368,928,431,1004
800.8000000000001,34,person,556,1321,620,1469
800.8000000000001,59,car,388,1166,508,1285
800.8000000000001,65,person,545,1145,583,1222
800.8000000000001,67,motorcycle,561,1387,616,1497
800.8000000000001,74,car,1,1336,216,1720
800.8000000000001,76,car,647,1155,768,1265
800.8000000000001,83,car,407,909,447,944
800.8000000000001,16,car,646,1256,808,1452
834.1666666666667,1,car,838,1849,1078,1919
834.1666666666667,2,car,3,1831,87,1919
834.1666666666667,3,bus,585,953,720,1097
834.1666666666667,4,car,276,1067,366,1167
834.1666666666667,5,car,350,1281,518,1490
834.1666666666667,7,car,711,1454,984,1810
834.1666666666667,8,car,257,1466,524,1871
834.1666666666667,11,car,415,1067,514,1168
834.1666666666667,12,bus,0,1340,216,1720
834.1666666666667,13,car,310,1009,394,1086
834.1666666666667,14,car,465,1022,542,1101
834.1666666666667,17,car,138,1156,308,1333
834.1666666666667,31,car,366,929,429,1005
834.1666666666667,34,person,557,1330,621,1488
834.1666666666667,59,car,387,1166,508,1285
834.1666666666667,65,person,546,1148,585,1225
834.1666666666667,67,motorcycle,562,1395,618,1502
834.1666666666667,74,car,0,1337,216,1722
834.1666666666667,76,car,646,1156,768,1265
834.1666666666667,83,car,407,909,448,944
834.1666666666667,16,car,647,1257,809,1453
867.5333333333334,1,car,840,1850,1077,1919
867.5333333333334,2,car,3,1834,87,1919
867.5333333333334,3,bus,586,954,721,1098
867.5333333333334,4,car,275,1070,366,1167
867.5333333333334,5,car,351,1283,518,1489
867.5333333333334,7,car,711,1454,984,1810
867.5333333333334,8,car,257,1466,524,1872
867.5333333333334,11,car,415,1066,515,1169
867.5333333333334,12,bus,0,1341,216,1722
867.5333333333334,13,car,307,1009,392,1084
867.5333333333334,14,car,466,1021,541,1100
867.5333333333334,17,car,138,1156,308,1333
867.5333333333334,31,car,366,937,427,1006
867.5333333333334,34,person,558,1339,622,1496
867.5333333333334,59,car,387,1165,509,1286
867.5333333333334,65,motorcycle,547,1151,586,1223
867.5333333333334,67,motorcycle,562,1399,619,1519
867.5333333333334,74,car,1,1337,216,1724
867.5333333333334,76,car,646,1157,768,1266
867.5333333333334,83,car,406,909,449,943
867.5333333333334,16,car,649,1258,810,1454
867.5333333333334,80,bus,552,865,618,954
900.9000000000001,1,car,840,1851,1077,1919
900.9000000000001,2,car,3,1835,87,1919
900.9000000000001,3,bus,586,953,721,1097
900.9000000000001,4,car,275,1072,365,1168
900.9000000000001,5,car,352,1283,519,1488
900.9000000000001,7,car,712,1454,984,1810
900.9000000000001,8,car,258,1466,524,1872
900.9000000000001,11,car,415,1066,515,1168
900.9000000000001,12,bus,0,1341,215,1723
900.9000000000001,13,car,309,1010,391,1083
900.9000000000001,14,car,466,1020,542,1100
900.9000000000001,17,car,138,1157,308,1333
900.9000000000001,31,car,366,942,427,1006
900.9000000000001,34,person,559,1343,623,1497
900.9000000000001,59,car,387,1163,510,1287
900.9000000000001,65,person,548,1152,586,1238
900.9000000000001,67,motorcycle,563,1413,619,1530
900.9000000000001,74,car,1,1337,215,1725
900.9000000000001,76,car,645,1158,768,1266
900.9000000000001,83,car,404,908,449,945
900.9000000000001,16,car,648,1258,810,1454
900.9000000000001,80,bus,552,866,617,953
900.9000000000001,9,car,383,1165,509,1335
934.2666666666667,1,car,841,1851,1077,1919
934.2666666666667,2,car,4,1836,86,1919
934.2666666666667,3,bus,586,953,721,1097
934.2666666666667,4,car,274,1073,365,1167
934.2666666666667,5,car,352,1283,518,1488
934.2666666666667,7,car,712,1454,984,1810
934.2666666666667,8,car,258,1466,523,1871
934.2666666666667,11,car,415,1065,515,1170
934.2666666666667,12,bus,0,1341,214,1725
934.2666666666667,13,car,308,1011,391,1084
934.2666666666667,14,car,466,1018,541,1101
934.2666666666667,17,car,138,1157,308,1333
934.2666666666667,31,car,365,943,427,1007
934.2666666666667,34,person,559,1348,624,1484
934.2666666666667,59,car,387,1162,509,1286
934.2666666666667,65,person,547,1153,587,1229
934.2666666666667,67,motorcycle,565,1425,619,1540
934.2666666666667,74,car,1,1337,215,1726
934.2666666666667,76,car,645,1159,768,1266
934.2666666666667,83,car,404,909,450,947
934.2666666666667,16,car,647,1258,810,1454
934.2666666666667,80,bus,553,866,617,953
934.2666666666667,9,car,383,1165,509,1335
967.6333333333333,1,car,841,1851,1077,1919
967.6333333333333,2,car,3,1837,86,1919
967.6333333333333,3,bus,585,954,721,1100
967.6333333333333,4,car,273,1073,367,1167
967.6333333333333,5,car,352,1285,519,1488
967.6333333333333,7,car,712,1455,986,1809
967.6333333333333,8,car,258,1469,524,1872
967.6333333333333,11,car,414,1065,515,1172
967.6333333333333,12,bus,0,1341,214,1726
967.6333333333333,13,car,310,1012,390,1083
967.6333333333333,14,car,466,1017,541,1099
967.6333333333333,17,car,138,1157,309,1334
967.6333333333333,31,car,365,944,428,1008
967.6333333333333,34,person,559,1359,626,1501
967.6333333333333,59,car,386,1161,510,1290
967.6333333333333,65,person,548,1156,588,1226
967.6333333333333,67,motorcycle,564,1432,621,1549
967.6333333333333,74,car,1,1337,214,1728
967.6333333333333,76,car,645,1161,768,1267
967.6333333333333,83,car,404,910,451,950
967.6333333333333,16,car,646,1258,810,1455
967.6333333333333,80,bus,553,866,618,956
1001.0000000000001,1,car,841,1851,1078,1919
1001.0000000000001,2,car,3,1837,86,1919
1001.0000000000001,3,bus,585,953,721,1098
1001.0000000000001,4,car,272,1071,368,1167
1001.0000000000001,5,car,352,1285,518,1486
1001.0000000000001,7,car,711,1456,987,1809
1001.0000000000001,8,car,258,1469,523,1872
1001.0000000000001,11,car,414,1065,515,1174
1001.0000000000001,12,bus,0,1342,214,1726
1001.0000000000001,13,car,311,1012,391,1082
1001.0000000000001,14,car,466,1019,542,1101
1001.0000000000001,17,car,139,1156,308,1334
1001.0000000000001,31,car,364,943,428,1009
1001.0000000000001,34,person,559,1372,625,1494
1001.0000000000001,59,car,386,1160,510,1292
1001.0000000000001,65,person,546,1158,589,1235
1001.0000000000001,67,motorcycle,566,1443,620,1558
1001.0000000000001,74,car,1,1339,214,1728
1001.0000000000001,76,car,646,1159,768,1269
1001.0000000000001,83,car,404,910,452,950
1001.0000000000001,16,car,646,1259,810,1455
1001.0000000000001,80,bus,553,867,618,957
1034.3666666666666,1,car,841,1851,1078,1919
1034.3666666666666,2,car,3,1839,87,1919
1034.3666666666666,3,bus,585,953,721,1100
1034.3666666666666,4,car,273,1072,368,1168
1034.3666666666666,5,car,352,1285,518,1486
1034.3666666666666,7,car,710,1456,987,1809
1034.3666666666666,8,car,259,1469,523,1872
1034.3666666666666,11,car,415,1065,515,1176
1034.3666666666666,12,bus,0,1343,213,1727
1034.3666666666666,13,car,312,1011,391,1082
1034.3666666666666,14,car,466,1021,542,1103
1034.3666666666666,17,car,139,1155,308,1334
1034.3666666666666,31,car,361,945,427,1010
1034.3666666666666,34,person,564,1378,623,1483
1034.3666666666666,59,car,386,1160,510,1290
1034.3666666666666,65,person,546,1162,591,1237
1034.3666666666666,67,motorcycle,567,1452,620,1571
1034.3666666666666,74,car,1,1340,213,1728
1034.3666666666666,76,car,646,1159,769,1272
1034.3666666666666,83,car,404,910,454,951
1034.3666666666666,16,car,646,1259,810,1455
1034.3666666666666,80,bus,553,867,618,958
1067.7333333333333,1,car,841,1851,1078,1919
1067.7333333333333,2,car,3,1840,86,1919
1067.7333333333333,3,bus,586,953,721,1101
1067.7333333333333,4,car,272,1071,369,1168
1067.7333333333333,5,car,352,1285,518,1487
1067.7333333333333,7,car,711,1455,986,1810
1067.7333333333333,8,car,258,1469,523,1872
1067.7333333333333,11,car,415,1065,515,1175
1067.7333333333333,12,bus,0,1344,213,1728
1067.7333333333333,13,car,312,1011,391,1082
1067.7333333333333,14,car,466,1021,542,1102
1067.7333333333333,17,car,139,1154,308,1334
1067.7333333333333,31,car,360,946,427,1011
1067.7333333333333,34,person,565,1385,625,1505
1067.7333333333333,59,car,386,1160,509,1290
1067.7333333333333,65,person,547,1164,591,1237
1067.7333333333333,67,motorcycle,565,1461,623,1573
1067.7333333333333,74,car,1,1342,213,1730
1067.7333333333333,76,car,647,1158,768,1270
1067.7333333333333,83,car,402,910,454,952
1067.7333333333333,16,car,647,1259,809,1455
1067.7333333333333,80,bus,553,867,618,959
1101.1,1,car,841,1852,1078,1919
1101.1,2,car,3,1841,86,1919
1101.1,3,bus,585,953,721,1102
1101.1,4,car,273,1072,370,1168
1101.1,5,car,352,1285,518,1488
1101.1,7,car,710,1456,987,1809
1101.1,8,car,258,1469,523,1872
1101.1,11,car,415,1065,516,1183
1101.1,12,bus,0,1345,214,1729
1101.1,13,car,312,1011,391,1083
1101.1,14,car,466,1022,542,1102
1101.1,17,car,139,1154,308,1334
1101.1,31,car,362,947,428,1010
1101.1,34,person,563,1408,622,1519
1101.1,59,car,386,1159,509,1288
1101.1,65,person,548,1168,592,1244
1101.1,67,motorcycle,567,1474,625,1595
1101.1,74,car,1,1342,213,1731
1101.1,76,car,647,1158,768,1270
1101.1,83,car,401,910,453,952
1101.1,16,car,647,1259,809,1455
1101.1,80,bus,553,867,618,960
1134.4666666666667,1,car,841,1851,1078,1919
1134.4666666666667,2,car,1,1841,86,1919
1134.4666666666667,3,bus,585,953,722,1104
1134.4666666666667,4,car,273,1070,370,1168
1134.4666666666667,5,car,352,1285,518,1489
1134.4666666666667,7,car,709,1456,987,1809
1134.4666666666667,8,car,258,1470,523,1872
1134.4666666666667,11,car,415,1065,516,1186
1134.4666666666667,12,bus,1,1345,214,1730
1134.4666666666667,13,car,311,1011,392,1085
1134.4666666666667,14,car,467,1021,541,1095
1134.4666666666667,17,car,139,1153,308,1334
1134.4666666666667,31,car,364,947,427,1010
1134.4666666666667,34,person,563,1407,631,1534
1134.4666666666667,59,car,386,1159,509,1290
1134.4666666666667,65,person,549,1173,593,1255
1134.4666666666667,67,motorcycle,568,1484,628,1608
1134.4666666666667,74,car,1,1343,214,1732
1134.4666666666667,76,car,647,1158,769,1270
1134.4666666666667,83,car,400,910,452,953
1134.4666666666667,16,car,646,1260,810,1455
1134.4666666666667,80,bus,552,867,618,960
1134.4666666666667,101,bus,257,1466,523,1873
1167.8333333333333,1,car,839,1851,1078,1919
1167.8333333333333,2,car,2,1843,87,1919
1167.8333333333333,3,bus,585,953,722,1116
1167.8333333333333,4,car,272,1069,369,1167
1167.8333333333333,5,car,352,1285,518,1490
1167.8333333333333,7,car,708,1456,988,1809
1167.8333333333333,8,car,258,1471,523,1872
1167.8333333333333,11,car,415,1066,516,1189
1167.8333333333333,12,bus,0,1346,213,1731
1167.8333333333333,14,car,467,1021,540,1096
1167.8333333333333,17,car,140,1153,308,1335
1167.8333333333333,31,car,365,949,427,1011
1167.8333333333333,34,person,564,1413,634,1535
1167.8333333333333,59,car,386,1159,509,1287
1167.8333333333333,65,person,549,1177,594,1261
1167.8333333333333,67,motorcycle,567,1495,628,1619
1167.8333333333333,76,car,647,1158,769,1269
1167.8333333333333,83,car,400,910,452,954
1167.8333333333333,16,car,645,1261,810,1455
1167.8333333333333,101,bus,258,1467,522,1873
1201.2,1,car,838,1851,1078,1919
1201.2,2,car,3,1843,85,1919
1201.2,3,bus,585,953,722,1121
1201.2,4,car,272,1069,370,1167
1201.2,5,car,351,1285,518,1490
1201.2,7,car,708,1456,988,1809
1201.2,8,car,258,1471,523,1872
1201.2,11,car,415,1066,516,1194
1201.2,12,bus,1,1347,213,1732
1201.2,14,car,468,1021,539,1092
1201.2,17,car,140,1155,308,1335
1201.2,31,car,364,949,426,1012
1201.2,34,person,564,1424,635,1546
1201.2,59,car,386,1159,509,1286
1201.2,65,person,549,1181,595,1266
1201.2,67,motorcycle,565,1499,630,1629
1201.2,76,car,647,1158,768,1270
1201.2,83,car,400,910,451,954
1201.2,16,car,646,1260,810,1455
1201.2,101,bus,258,1467,523,1873
1234.5666666666668,1,car,839,1851,1078,1919
1234.5666666666668,2,car,3,1844,85,1919
1234.5666666666668,3,bus,585,953,722,1125
1234.5666666666668,4,car,272,1071,370,1167
1234.5666666666668,5,car,351,1285,518,1490
1234.5666666666668,7,car,708,1455,988,1809
1234.5666666666668,8,car,258,1470,523,1872
1234.5666666666668,11,car,414,1066,516,1193
1234.5666666666668,12,bus,1,1347,213,1732
1234.5666666666668,14,car,467,1023,541,1099
1234.5666666666668,17,car,140,1155,308,1335
1234.5666666666668,31,car,362,947,427,1013
1234.5666666666668,34,person,566,1435,637,1570
1234.5666666666668,59,car,386,1159,509,1286
1234.5666666666668,65,person,549,1185,596,1269
1234.5666666666668,67,motorcycle,568,1518,629,1626
1234.5666666666668,76,car,647,1158,768,1270
1234.5666666666668,83,car,401,909,453,954
1234.5666666666668,16,car,646,1260,810,1456
1234.5666666666668,101,bus,257,1467,523,1872
1267.9333333333334,1,car,840,1851,1078,1919
1267.9333333333334,2,car,4,1845,84,1919
1267.9333333333334,3,bus,585,953,722,1121
1267.9333333333334,4,car,272,1072,369,1167
1267.9333333333334,5,car,352,1285,519,1491
1267.9333333333334,7,car,708,1456,988,1809
1267.9333333333334,8,car,258,1470,523,1872
1267.9333333333334,11,car,414,1066,516,1194
1267.9333333333334,12,bus,1,1348,213,1733
1267.9333333333334,14,car,466,1024,542,1101
1267.9333333333334,17,car,140,1155,308,1335
1267.9333333333334,31,car,361,947,427,1013
1267.9333333333334,34,person,565,1442,642,1588
1267.9333333333334,59,car,386,1159,509,1287
1267.9333333333334,65,person,549,1189,597,1280
1267.9333333333334,67,motorcycle,569,1527,634,1656
1267.9333333333334,76,car,647,1158,768,1271
1267.9333333333334,83,car,401,908,453,953
1267.9333333333334,16,car,646,1260,810,1456
1267.9333333333334,101,bus,257,1467,523,1872
1301.3000000000002,1,car,842,1851,1078,1919
1301.3000000000002,2,car,1,1847,83,1919
1301.3000000000002,3,bus,586,953,722,1121
1301.3000000000002,4,car,272,1073,368,1167
1301.3000000000002,5,car,352,1285,518,1491
1301.3000000000002,7,car,709,1456,988,1809
1301.3000000000002,8,car,258,1470,523,1872
1301.3000000000002,11,car,415,1066,516,1199
1301.3000000000002,12,bus,1,1349,212,1733
1301.3000000000002,14,car,467,1024,542,1103
1301.3000000000002,17,car,140,1156,308,1335
1301.3000000000002,31,car,359,946,427,1014
1301.3000000000002,34,person,566,1452,643,1612
1301.3000000000002,59,car,386,1159,510,1289
1301.3000000000002,65,person,549,1195,597,1284
1301.3000000000002,67,motorcycle,569,1538,634,1670
1301.3000000000002,76,car,647,1160,769,1272
1301.3000000000002,83,car,401,909,454,952
1301.3000000000002,16,car,647,1260,810,1456
1301.3000000000002,101,bus,258,1467,523,1872
1334.6666666666667,1,car,843,1851,1078,1919
1334.6666666666667,2,car,0,1848,83,1919
1334.6666666666667,3,bus,586,953,722,1122
1334.6666666666667,4,car,272,1073,368,1167
1334.6666666666667,5,car,352,1285,518,1491
1334.6666666666667,7,car,709,1456,988,1809
1334.6666666666667,8,car,258,1470,524,1872
1334.6666666666667,11,car,414,1066,516,1203
1334.6666666666667,12,bus,1,1349,211,1734
1334.6666666666667,14,car,467,1024,542,1103
1334.6666666666667,17,car,140,1156,308,1335
1334.6666666666667,31,car,358,947,427,1015
1334.6666666666667,34,person,567,1457,644,1631
1334.6666666666667,59,car,386,1159,509,1291
1334.6666666666667,65,person,549,1200,598,1289
1334.6666666666667,67,motorcycle,570,1549,637,1690
1334.6666666666667,76,car,647,1160,769,1272
1334.6666666666667,83,car,401,910,454,952
1334.6666666666667,16,car,647,1260,809,1456
1334.6666666666667,101,bus,258,1468,524,1872
1368.0333333333335,1,car,843,1851,1078,1919
1368.0333333333335,2,car,0,1849,82,1918
1368.0333333333335,3,bus,586,953,722,1127
1368.0333333333335,4,car,272,1074,368,1167
1368.0333333333335,5,car,352,1285,518,1490
1368.0333333333335,7,car,710,1455,986,1810
1368.0333333333335,8,car,258,1470,524,1872
1368.0333333333335,11,car,414,1066,517,1204
1368.0333333333335,12,bus,1,1349,211,1734
1368.0333333333335,14,car,467,1024,542,1104
1368.0333333333335,17,car,141,1158,308,1335
1368.0333333333335,31,car,362,948,426,1015
1368.0333333333335,34,person,569,1471,646,1632
1368.0333333333335,59,car,385,1159,509,1294
1368.0333333333335,65,person,549,1205,598,1295
1368.0333333333335,67,motorcycle,573,1566,638,1712
1368.0333333333335,76,car,647,1158,769,1271
1368.0333333333335,83,car,400,910,453,954
1368.0333333333335,16,car,648,1260,809,1455
1368.0333333333335,101,bus,258,1467,524,1872
1401.4,1,car,843,1851,1078,1919
1401.4,2,car,0,1852,82,1919
1401.4,3,bus,586,953,722,1129
1401.4,4,car,271,1074,369,1167
1401.4,5,car,352,1285,517,1491
1401.4,7,car,710,1455,986,1810
1401.4,8,car,258,1470,524,1872
1401.4,11,car,414,1066,517,1204
1401.4,12,bus,0,1350,211,1736
1401.4,14,car,467,1024,542,1104
1401.4,17,car,141,1157,308,1335
1401.4,31,car,364,948,426,1015
1401.4,34,person,569,1484,649,1661
1401.4,59,car,385,1159,510,1295
1401.4,65,person,549,1209,598,1299
1401.4,67,motorcycle,574,1575,640,1734
1401.4,76,car,648,1158,769,1271
1401.4,83,car,398,910,454,956
1401.4,16,car,647,1260,809,1455
1401.4,101,bus,258,1468,524,1872
1434.7666666666667,1,car,843,1851,1078,1919
1434.7666666666667,2,car,0,1852,82,1919
1434.7666666666667,3,bus,585,953,722,1124
1434.7666666666667,4,car,272,1073,369,1167
1434.7666666666667,5,car,351,1286,518,1492
1434.7666666666667,7,car,711,1455,985,1811
1434.7666666666667,8,car,258,1470,524,1872
1434.7666666666667,11,car,414,1065,517,1200
1434.7666666666667,12,bus,0,1349,211,1738
1434.7666666666667,14,car,467,1024,542,1104
1434.7666666666667,17,car,141,1154,309,1336
1434.7666666666667,31,car,364,949,426,1015
1434.7666666666667,34,person,571,1496,649,1679
1434.7666666666667,59,car,385,1159,510,1299
1434.7666666666667,65,person,548,1214,599,1309
1434.7666666666667,67,motorcycle,575,1586,642,1746
1434.7666666666667,76,car,648,1158,769,1269
1434.7666666666667,83,car,397,910,453,957
1434.7666666666667,16,car,647,1259,810,1455
1434.7666666666667,101,bus,258,1467,524,1872
1434.7666666666667,120,person,548,1214,600,1350
1468.1333333333334,1,car,843,1851,1078,1919
1468.1333333333334,2,car,0,1854,81,1919
1468.1333333333334,3,bus,585,954,722,1122
1468.1333333333334,4,car,272,1072,369,1167
1468.1333333333334,5,car,351,1287,518,1492
1468.1333333333334,7,car,711,1455,985,1811
1468.1333333333334,8,car,258,1471,524,1872
1468.1333333333334,11,car,414,1065,517,1197
1468.1333333333334,12,bus,1,1349,211,1740
1468.1333333333334,14,car,467,1024,542,1103
1468.1333333333334,17,car,140,1153,309,1336
1468.1333333333334,31,car,361,951,427,1015
1468.1333333333334,34,person,572,1514,645,1675
1468.1333333333334,59,car,385,1159,511,1299
1468.1333333333334,65,person,548,1218,600,1313
1468.1333333333334,67,motorcycle,578,1603,644,1762
1468.1333333333334,76,car,647,1158,769,1269
1468.1333333333334,83,car,396,911,450,958
1468.1333333333334,16,car,647,1259,810,1455
1468.1333333333334,101,bus,258,1467,524,1872
1468.1333333333334,120,person,547,1235,602,1355
1501.5,1,car,843,1851,1078,1919
1501.5,2,car,0,1855,81,1919
1501.5,3,bus,585,954,722,1120
1501.5,4,car,272,1072,369,1167
1501.5,5,car,351,1287,519,1492
1501.5,7,car,711,1455,987,1809
1501.5,8,car,258,1470,524,1871
1501.5,11,car,414,1065,517,1197
1501.5,12,bus,1,1349,210,1741
1501.5,14,car,468,1023,542,1103
1501.5,17,car,140,1151,310,1336
1501.5,31,car,361,950,426,1015
1501.5,34,person,574,1525,652,1680
1501.5,59,car,385,1159,511,1298
1501.5,65,person,548,1225,601,1319
1501.5,67,motorcycle,581,1619,646,1775
1501.5,76,car,647,1157,769,1268
1501.5,83,car,399,911,449,957
1501.5,16,car,648,1260,810,1455
1501.5,101,bus,258,1467,523,1872
1501.5,120,person,547,1231,601,1365
1501.5,124,person,542,1111,575,1178
1534.8666666666668,1,car,844,1852,1078,1919
1534.8666666666668,2,car,0,1856,81,1919
1534.8666666666668,3,bus,585,954,722,1122
1534.8666666666668,4,car,272,1071,370,1167
1534.8666666666668,5,car,352,1287,518,1493
1534.8666666666668,7,car,711,1455,988,1809
1534.8666666666668,8,car,258,1470,523,1871
1534.8666666666668,11,car,414,1065,517,1189
1534.8666666666668,12,bus,1,1350,210,1742
1534.8666666666668,14,car,468,1024,542,1103
1534.8666666666668,17,car,140,1150,310,1336
1534.8666666666668,31,car,362,951,426,1016
1534.8666666666668,34,person,573,1535,657,1687
1534.8666666666668,59,car,385,1159,511,1300
1534.8666666666668,65,person,547,1232,601,1327
1534.8666666666668,67,motorcycle,578,1626,654,1789
1534.8666666666668,76,car,647,1157,769,1268
1534.8666666666668,83,car,400,912,447,958
1534.8666666666668,16,car,648,1260,810,1455
1534.8666666666668,101,bus,258,1468,523,1872
1534.8666666666668,120,person,547,1237,603,1378
1534.8666666666668,124,person,542,1111,575,1179
1568.2333333333333,1,car,844,1852,1078,1919
1568.2333333333333,2,car,0,1857,80,1919
1568.2333333333333,3,bus,585,954,722,1116
1568.2333333333333,4,car,272,1071,370,1167
1568.2333333333333,5,car,351,1286,518,1493
1568.2333333333333,7,car,711,1455,987,1810
1568.2333333333333,8,car,258,1470,522,1872
1568.2333333333333,11,car,414,1065,517,1192
1568.2333333333333,12,bus,0,1351,210,1743
1568.2333333333333,14,car,468,1025,542,1103
1568.2333333333333,17,car,141,1150,309,1336
1568.2333333333333,31,car,364,952,426,1018
1568.2333333333333,34,person,576,1549,657,1725
1568.2333333333333,59,car,385,1159,511,1303
1568.2333333333333,65,person,547,1235,601,1343
1568.2333333333333,67,motorcycle,585,1649,652,1811
1568.2333333333333,76,car,647,1157,769,1268
1568.2333333333333,83,car,401,910,450,955
1568.2333333333333,16,car,647,1259,810,1455
1568.2333333333333,101,bus,258,1468,522,1872
1568.2333333333333,120,person,547,1238,604,1386
1568.2333333333333,124,person,543,1116,574,1180
1568.2333333333333,126,car,1,1349,209,1747
1601.6000000000001,1,car,843,1851,1078,1919
1601.6000000000001,2,car,0,1858,80,1919
1601.6000000000001,3,bus,585,954,722,1109
1601.6000000000001,4,car,272,1072,370,1167
1601.6000000000001,5,car,351,1287,518,1493
1601.6000000000001,7,car,711,1455,986,1810
1601.6000000000001,8,car,258,1470,522,1872
1601.6000000000001,11,car,414,1065,518,1197
1601.6000000000001,12,bus,0,1352,209,1744
1601.6000000000001,14,car,468,1025,541,1102
1601.6000000000001,17,car,141,1149,310,1336
1601.6000000000001,31,car,364,951,428,1018
1601.6000000000001,34,person,580,1575,661,1747
1601.6000000000001,59,car,385,1159,511,1306
1601.6000000000001,65,person,548,1242,601,1349
1601.6000000000001,67,person,592,1673,651,1833
1601.6000000000001,76,car,647,1157,769,1269
1601.6000000000001,83,car,400,910,449,958
1601.6000000000001,16,car,647,1259,810,1454
1601.6000000000001,101,bus,259,1468,522,1872
1601.6000000000001,120,person,548,1243,605,1397
1601.6000000000001,124,person,543,1119,574,1184
1601.6000000000001,126,car,1,1351,209,1748
1634.9666666666667,1,car,844,1852,1078,1919
1634.9666666666667,2,car,0,1860,81,1919
1634.9666666666667,3,bus,584,953,722,1106
1634.9666666666667,4,car,272,1072,370,1167
1634.9666666666667,5,car,352,1286,517,1493
1634.9666666666667,7,car,711,1455,986,1810
1634.9666666666667,8,car,258,1470,521,1872
1634.9666666666667,11,car,414,1065,517,1200
1634.9666666666667,12,bus,0,1352,208,1745
1634.9666666666667,14,car,468,1025,541,1102
1634.9666666666667,17,car,141,1148,309,1336
1634.9666666666667,31,car,363,952,428,1018
1634.9666666666667,34,person,582,1584,664,1721
1634.9666666666667,59,car,385,1159,510,1305
1634.9666666666667,65,person,548,1250,603,1355
1634.9666666666667,67,person,595,1684,651,1858
1634.9666666666667,76,car,647,1157,769,1269
1634.9666666666667,83,car,399,910,448,961
1634.9666666666667,16,car,647,1260,810,1455
1634.9666666666667,101,bus,259,1468,522,1873
1634.9666666666667,120,person,547,1251,608,1403
1634.9666666666667,124,person,543,1121,574,1189
1634.9666666666667,126,car,2,1351,208,1750
1668.3333333333335,1,car,844,1852,1078,1919
1668.3333333333335,2,car,0,1862,81,1919
1668.3333333333335,3,bus,584,953,722,1107
1668.3333333333335,4,car,272,1073,370,1167
1668.3333333333335,5,car,352,1286,517,1493
1668.3333333333335,7,car,711,1455,986,1810
1668.3333333333335,8,car,258,1470,522,1872
1668.3333333333335,11,car,414,1065,517,1203
1668.3333333333335,12,bus,0,1351,209,1746
1668.3333333333335,14,car,468,1024,541,1102
1668.3333333333335,17,car,141,1148,310,1336
1668.3333333333335,31,car,362,952,428,1018
1668.3333333333335,34,person,583,1595,668,1758
1668.3333333333335,59,car,385,1159,510,1309
1668.3333333333335,65,person,548,1257,603,1363
1668.3333333333335,67,person,599,1712,653,1875
1668.3333333333335,76,car,647,1156,769,1269
1668.3333333333335,83,car,398,911,449,962
1668.3333333333335,16,car,647,1261,810,1455
1668.3333333333335,101,bus,259,1468,522,1873
1668.3333333333335,120,person,547,1257,606,1408
1668.3333333333335,124,person,542,1124,575,1191
1668.3333333333335,126,car,1,1350,208,1750
1701.7,1,car,843,1851,1078,1919
1701.7,2,car,0,1863,81,1918
1701.7,3,bus,584,953,721,1100
1701.7,4,car,272,1073,370,1167
1701.7,5,car,352,1285,517,1492
1701.7,7,car,711,1455,986,1810
1701.7,8,car,258,1469,522,1872
1701.7,11,car,414,1065,517,1203
1701.7,12,bus,0,1351,209,1747
1701.7,14,car,468,1024,541,1102
1701.7,17,car,140,1147,310,1336
1701.7,31,car,361,952,428,1017
1701.7,34,person,586,1608,671,1783
1701.7,59,car,385,1159,510,1308
1701.7,65,person,547,1261,604,1372
1701.7,67,person,606,1726,657,1889
1701.7,76,car,648,1157,769,1268
1701.7,83,car,398,909,450,959
1701.7,16,car,647,1260,810,1454
1701.7,101,bus,258,1467,523,1873
1701.7,120,person,546,1261,606,1418
1701.7,124,person,543,1126,576,1198
1701.7,126,car,1,1349,208,1750
1701.7,128,person,548,1305,608,1428
1701.7,129,car,413,1067,514,1166
1735.0666666666668,1,car,843,1851,1078,1919
1735.0666666666668,2,car,0,1865,80,1919
1735.0666666666668,3,bus,584,952,721,1098
1735.0666666666668,4,car,272,1073,371,1167
1735.0666666666668,5,car,352,1284,517,1492
1735.0666666666668,7,car,711,1455,986,1810
1735.0666666666668,8,car,258,1469,523,1872
1735.0666666666668,11,car,414,1066,518,1199
1735.0666666666668,12,bus,0,1351,209,1748
1735.0666666666668,14,car,468,1023,540,1093
1735.0666666666668,17,car,140,1148,310,1337
1735.0666666666668,31,car,361,951,426,1018
1735.0666666666668,34,person,584,1623,673,1824
1735.0666666666668,59,car,386,1159,510,1307
1735.0666666666668,65,person,547,1267,605,1379
1735.0666666666668,67,person,608,1743,659,1895
1735.0666666666668,76,car,648,1158,769,1268
1735.0666666666668,83,car,398,909,448,953
1735.0666666666668,16,car,648,1260,810,1454
1735.0666666666668,101,bus,258,1466,523,1873
1735.0666666666668,120,person,546,1266,608,1426
1735.0666666666668,124,person,543,1124,577,1199
1735.0666666666668,126,car,1,1349,208,1751
1735.0666666666668,128,motorcycle,547,1295,607,1435
1768.4333333333336,1,car,842,1851,1078,1919
1768.4333333333336,2,car,0,1865,79,1918
1768.4333333333336,3,bus,584,953,721,1096
1768.4333333333336,4,car,272,1068,372,1167
1768.4333333333336,5,car,352,1283,517,1492
1768.4333333333336,7,car,711,1455,985,1810
1768.4333333333336,8,car,258,1468,523,1872
1768.4333333333336,11,car,414,1066,518,1195
1768.4333333333336,12,bus,0,1351,209,1750
1768.4333333333336,14,car,468,1023,540,1092
1768.4333333333336,17,car,140,1148,310,1337
1768.4333333333336,31,car,361,951,425,1019
1768.4333333333336,34,person,586,1639,673,1838
1768.4333333333336,59,car,386,1159,510,1305
1768.4333333333336,65,person,547,1275,606,1385
1768.4333333333336,67,person,610,1772,663,1916
1768.4333333333336,76,car,648,1158,769,1268
1768.4333333333336,83,car,399,908,448,951
1768.4333333333336,16,car,648,1260,810,1454
1768.4333333333336,120,person,547,1275,609,1426
1768.4333333333336,124,person,543,1126,577,1201
1768.4333333333336,126,car,0,1350,208,1752
1768.4333333333336,128,motorcycle,547,1301,606,1441
1801.8000000000002,1,car,842,1850,1078,1919
1801.8000000000002,2,car,0,1867,78,1919
1801.8000000000002,3,bus,584,953,720,1095
1801.8000000000002,4,car,272,1063,373,1167
1801.8000000000002,5,car,352,1283,517,1491
1801.8000000000002,7,car,711,1455,985,1810
1801.8000000000002,8,car,258,1468,524,1872
1801.8000000000002,11,car,414,1066,518,1192
1801.8000000000002,12,bus,0,1353,209,1751
1801.8000000000002,14,car,468,1023,540,1091
1801.8000000000002,17,car,140,1147,309,1337
1801.8000000000002,31,car,361,952,425,1020
1801.8000000000002,34,person,584,1656,683,1873
1801.8000000000002,59,car,387,1159,510,1301
1801.8000000000002,65,person,548,1281,608,1393
1801.8000000000002,67,person,612,1797,665,1920
1801.8000000000002,76,car,648,1157,769,1268
1801.8000000000002,83,car,398,908,447,954
1801.8000000000002,16,car,649,1261,809,1453
1801.8000000000002,120,person,548,1281,610,1444
1801.8000000000002,124,person,543,1130,577,1202
1801.8000000000002,126,car,1,1351,207,1753
1835.1666666666667,1,car,843,1850,1078,1919
1835.1666666666667,2,car,0,1868,77,1919
1835.1666666666667,3,bus,584,953,720,1095
1835.1666666666667,4,car,272,1058,374,1167
1835.1666666666667,5,car,352,1283,517,1491
1835.1666666666667,7,car,711,1455,985,1810
1835.1666666666667,8,car,258,1468,524,1872
1835.1666666666667,11,car,414,1066,519,1192
1835.1666666666667,12,bus,0,1355,209,1753
1835.1666666666667,14,car,468,1022,541,1096
1835.1666666666667,17,car,140,1147,309,1337
1835.1666666666667,31,car,360,953,425,1022
1835.1666666666667,34,person,586,1674,691,1906
1835.1666666666667,59,car,387,1159,510,1299
1835.1666666666667,65,person,548,1286,606,1402
1835.1666666666667,67,person,613,1819,670,1920
1835.1666666666667,76,car,647,1158,769,1267
1835.1666666666667,83,car,398,908,446,957
1835.1666666666667,16,car,649,1261,809,1453
1835.1666666666667,120,person,548,1286,610,1442
1835.1666666666667,124,person,543,1134,577,1204
1835.1666666666667,126,car,1,1353,207,1754
1868.5333333333333,1,car,844,1850,1078,1919
1868.5333333333333,2,car,0,1869,75,1919
1868.5333333333333,3,bus,584,953,721,1095
1868.5333333333333,4,car,272,1056,374,1167
1868.5333333333333,5,car,352,1283,517,1489
1868.5333333333333,7,car,711,1455,986,1810
1868.5333333333333,8,car,258,1467,524,1871
1868.5333333333333,11,car,414,1066,519,1192
1868.5333333333333,12,bus,0,1356,208,1753
1868.5333333333333,14,car,468,1021,542,1098
1868.5333333333333,17,car,140,1146,309,1337
1868.5333333333333,31,car,358,953,425,1022
1868.5333333333333,34,person,589,1690,695,1920
1868.5333333333333,59,car,387,1160,509,1300
1868.5333333333333,65,person,548,1296,607,1416
1868.5333333333333,76,car,647,1159,769,1267
1868.5333333333333,83,car,397,910,445,957
1868.5333333333333,16,car,649,1259,809,1453
1868.5333333333333,120,person,547,1296,610,1463
1868.5333333333333,124,person,543,1134,577,1205
1868.5333333333333,126,car,1,1354,207,1754
1868.5333333333333,128,person,549,1345,610,1471
1901.9,1,car,843,1850,1078,1919
1901.9,2,car,0,1871,74,1918
1901.9,3,bus,584,953,720,1095
1901.9,4,car,273,1058,374,1166
1901.9,5,car,352,1283,517,1488
1901.9,7,car,710,1455,986,1810
1901.9,8,car,258,1466,524,1871
1901.9,11,car,414,1066,519,1187
1901.9,12,bus,0,1356,208,1755
1901.9,14,car,468,1020,542,1098
1901.9,17,car,140,1146,309,1337
1901.9,31,car,357,952,426,1022
1901.9,34,person,589,1706,698,1920
1901.9,59,car,387,1161,508,1300
1901.9,76,car,647,1160,769,1267
1901.9,83,car,396,917,445,964
1901.9,16,car,649,1258,809,1452
1901.9,120,person,548,1303,610,1465
1901.9,124,person,543,1134,577,1206
1901.9,126,car,1,1354,206,1756
1901.9,128,person,549,1357,611,1485
1935.2666666666667,1,car,842,1851,1078,1919
1935.2666666666667,2,car,0,1873,75,1919
1935.2666666666667,3,bus,584,953,721,1096
1935.2666666666667,4,car,273,1059,373,1166
1935.2666666666667,5,car,352,1284,517,1488
1935.2666666666667,7,car,710,1454,986,1810
1935.2666666666667,8,car,258,1466,523,1871
1935.2666666666667,11,car,415,1066,520,1183
1935.2666666666667,12,bus,0,1356,207,1756
1935.2666666666667,14,car,468,1020,543,1098
1935.2666666666667,17,car,140,1145,309,1337
1935.2666666666667,31,car,358,950,426,1022
1935.2666666666667,34,person,589,1727,705,1920
1935.2666666666667,59,car,387,1161,507,1295
1935.2666666666667,76,car,647,1160,769,1267
1935.2666666666667,83,car,396,920,445,968
1935.2666666666667,16,car,648,1258,810,1453
1935.2666666666667,120,person,547,1311,613,1484
1935.2666666666667,124,car,544,1140,579,1208
1935.2666666666667,126,car,1,1356,206,1757
1935.2666666666667,128,person,549,1376,612,1494
1935.2666666666667,65,person,548,1312,610,1437
1968.6333333333334,1,car,843,1851,1078,1919
1968.6333333333334,2,car,0,1875,75,1919
1968.6333333333334,3,bus,583,953,721,1096
1968.6333333333334,4,car,272,1061,372,1166
1968.6333333333334,5,car,352,1283,517,1489
1968.6333333333334,7,car,710,1454,986,1810
1968.6333333333334,8,car,258,1466,524,1871
1968.6333333333334,11,car,415,1066,520,1183
1968.6333333333334,12,car,1,1358,205,1759
1968.6333333333334,14,car,468,1019,542,1098
1968.6333333333334,17,car,139,1145,308,1337
1968.6333333333334,31,car,358,952,424,1024
1968.6333333333334,34,person,591,1750,709,1920
1968.6333333333334,59,car,387,1161,507,1294
1968.6333333333334,76,car,646,1159,769,1267
1968.6333333333334,83,car,395,922,445,969
1968.6333333333334,16,car,648,1258,810,1453
1968.6333333333334,120,person,547,1321,613,1490
1968.6333333333334,124,car,545,1140,580,1206
1968.6333333333334,126,bus,1,1358,206,1758
1968.6333333333334,128,bicycle,553,1388,612,1498
2002.0000000000002,1,car,843,1851,1078,1919
2002.0000000000002,2,car,0,1876,75,1919
2002.0000000000002,3,bus,583,953,721,1096
2002.0000000000002,4,car,272,1065,371,1166
2002.0000000000002,5,car,352,1283,517,1488
2002.0000000000002,7,car,710,1455,985,1810
2002.0000000000002,8,car,258,1466,523,1871
2002.0000000000002,11,car,414,1066,521,1178
2002.0000000000002,12,car,1,1360,205,1761
2002.0000000000002,14,car,468,1021,541,1098
2002.0000000000002,17,car,139,1146,308,1337
2002.0000000000002,31,car,356,954,424,1025
2002.0000000000002,34,person,591,1772,715,1920
2002.0000000000002,59,car,387,1160,507,1294
2002.0000000000002,76,car,646,1159,769,1268
2002.0000000000002,83,car,395,919,446,968
2002.0000000000002,16,car,649,1258,810,1454
2002.0000000000002,120,person,548,1341,613,1495
2002.0000000000002,124,car,544,1141,580,1205
2002.0000000000002,126,bus,0,1359,206,1759
2002.0000000000002,128,motorcycle,552,1402,612,1512
2002.0000000000002,65,person,547,1328,611,1454
2035.3666666666666,1,car,842,1850,1078,1919
2035.3666666666666,2,car,1,1877,75,1919
2035.3666666666666,3,bus,582,953,721,1096
2035.3666666666666,4,car,272,1067,371,1167
2035.3666666666666,5,car,352,1284,517,1487
2035.3666666666666,7,car,710,1455,985,1810
2035.3666666666666,8,car,258,1465,523,1871
2035.3666666666666,11,car,414,1066,521,1179
2035.3666666666666,12,car,1,1360,205,1763
2035.3666666666666,14,car,468,1020,541,1098
2035.3666666666666,17,car,139,1148,308,1337
2035.3666666666666,31,car,357,952,424,1025
2035.3666666666666,34,person,598,1789,715,1920
2035.3666666666666,59,car,386,1160,508,1300
2035.3666666666666,76,car,645,1159,769,1269
2035.3666666666666,83,car,394,922,445,968
2035.3666666666666,16,car,648,1258,810,1454
2035.3666666666666,120,motorcycle,548,1358,613,1517
2035.3666666666666,124,car,544,1142,581,1210
2035.3666666666666,126,bus,0,1360,206,1761
2035.3666666666666,128,motorcycle,551,1410,612,1528
2035.3666666666666,65,person,547,1336,615,1465
2068.733333333333,1,car,842,1850,1078,1919
2068.733333333333,2,car,2,1878,74,1919
2068.733333333333,3,bus,582,953,721,1097
2068.733333333333,4,car,272,1069,371,1166
2068.733333333333,5,car,352,1283,518,1487
2068.733333333333,7,car,711,1455,985,1810
2068.733333333333,8,car,258,1464,523,1871
2068.733333333333,11,car,414,1066,521,1179
2068.733333333333,12,car,1,1360,204,1763
2068.733333333333,14,car,468,1020,541,1098
2068.733333333333,17,car,139,1149,308,1338
2068.733333333333,31,car,357,952,424,1025
2068.733333333333,34,person,602,1818,714,1920
2068.733333333333,59,car,387,1160,508,1295
2068.733333333333,76,car,645,1159,769,1270
2068.733333333333,83,car,394,922,445,967
2068.733333333333,16,car,648,1258,810,1454
2068.733333333333,120,person,549,1355,615,1529
2068.733333333333,124,car,543,1141,582,1215
2068.733333333333,126,bus,0,1361,205,1761
2068.733333333333,128,motorcycle,551,1416,613,1538
2068.733333333333,65,person,548,1345,617,1474
2068.733333333333,139,car,358,974,422,1026
2102.1,1,car,842,1850,1078,1919
2102.1,2,car,2,1881,72,1919
2102.1,3,bus,582,953,721,1096
2102.1,4,car,273,1070,370,1166
2102.1,5,car,352,1283,518,1488
2102.1,7,car,711,1454,985,1810
2102.1,8,car,258,1464,522,1871
2102.1,11,car,414,1066,520,1177
2102.1,12,car,1,1361,203,1764
2102.1,14,car,470,1025,542,1102
2102.1,17,car,139,1149,308,1338
2102.1,31,car,357,957,423,1026
2102.1,59,car,387,1161,508,1291
2102.1,76,car,645,1159,769,1268
2102.1,83,car,394,924,444,966
2102.1,16,car,649,1258,811,1453
2102.1,124,car,543,1143,582,1217
2102.1,126,bus,0,1361,205,1762
2102.1,128,motorcycle,551,1425,615,1544
2102.1,65,person,547,1352,619,1496
2102.1,139,car,359,977,421,1026
2102.1,140,car,384,1163,510,1338
2135.4666666666667,1,car,842,1850,1078,1919
2135.4666666666667,2,car,2,1884,71,1919
2135.4666666666667,3,bus,583,953,721,1097
2135.4666666666667,4,car,273,1070,370,1166
2135.4666666666667,5,car,352,1284,519,1489
2135.4666666666667,7,car,709,1454,985,1810
2135.4666666666667,8,car,258,1464,522,1872
2135.4666666666667,11,car,414,1066,520,1176
2135.4666666666667,12,car,1,1362,203,1765
2135.4666666666667,14,car,469,1024,541,1093
2135.4666666666667,17,car,139,1150,308,1338
2135.4666666666667,31,car,355,955,422,1027
2135.4666666666667,59,car,387,1161,508,1289
2135.4666666666667,76,car,646,1158,768,1268
2135.4666666666667,83,car,394,925,445,966
2135.4666666666667,16,car,648,1258,811,1453
2135.4666666666667,124,car,543,1145,582,1217
2135.4666666666667,126,bus,0,1362,204,1763
2135.4666666666667,128,motorcycle,551,1437,615,1557
2135.4666666666667,65,person,546,1361,617,1503
2135.4666666666667,139,car,358,985,420,1027
2135.4666666666667,140,car,384,1163,511,1338
2168.8333333333335,1,car,842,1850,1078,1919
2168.8333333333335,2,car,2,1885,70,1919
2168.8333333333335,3,bus,583,953,721,1097
2168.8333333333335,4,car,273,1070,370,1166
2168.8333333333335,5,car,352,1283,519,1488
2168.8333333333335,7,car,710,1454,986,1810
2168.8333333333335,8,car,258,1464,521,1871
2168.8333333333335,11,car,414,1066,521,1177
2168.8333333333335,12,car,1,1362,202,1768
2168.8333333333335,14,car,469,1024,541,1087
2168.8333333333335,17,car,139,1151,309,1338
2168.8333333333335,31,car,354,955,421,1027
2168.8333333333335,59,car,387,1162,508,1287
2168.8333333333335,76,car,647,1159,768,1268
2168.8333333333335,83,car,394,926,445,968
2168.8333333333335,16,car,648,1258,811,1453
2168.8333333333335,124,person,543,1144,582,1208
2168.8333333333335,126,bus,0,1363,204,1766
2168.8333333333335,128,bicycle,551,1445,617,1574
2168.8333333333335,65,person,548,1373,617,1504
2168.8333333333335,139,car,356,984,419,1028
2168.8333333333335,140,car,385,1163,511,1336
2202.2,1,car,842,1850,1078,1919
2202.2,2,car,3,1888,68,1919
2202.2,3,bus,583,953,721,1097
2202.2,4,car,273,1069,370,1166
2202.2,5,car,352,1283,519,1488
2202.2,7,car,709,1454,986,1810
2202.2,8,car,258,1463,521,1871
2202.2,11,car,414,1066,521,1180
2202.2,12,car,1,1362,202,1769
2202.2,14,car,469,1024,541,1083
2202.2,17,car,139,1152,308,1338
2202.2,31,car,353,955,421,1028
2202.2,59,car,387,1161,508,1286
2202.2,76,car,646,1158,768,1268
2202.2,83,car,393,927,445,968
2202.2,16,car,647,1258,810,1453
2202.2,126,bus,0,1364,203,1767
2202.2,128,bicycle,552,1457,619,1585
2202.2,65,person,547,1382,622,1521
2202.2,139,car,355,980,420,1027
2202.2,140,car,384,1163,510,1335
2235.5666666666666,1,car,840,1850,1078,1919
2235.5666666666666,2,car,2,1888,68,1919
2235.5666666666666,3,bus,583,953,721,1096
2235.5666666666666,4,car,273,1064,371,1166
2235.5666666666666,5,car,352,1283,519,1489
2235.5666666666666,7,car,709,1454,985,1810
2235.5666666666666,8,car,258,1464,521,1871
2235.5666666666666,11,car,414,1066,521,1181
2235.5666666666666,12,bus,1,1364,202,1771
2235.5666666666666,14,car,469,1024,541,1079
2235.5666666666666,17,car,139,1152,309,1338
2235.5666666666666,31,car,355,956,421,1028
2235.5666666666666,59,car,387,1161,508,1286
2235.5666666666666,76,car,646,1159,768,1269
2235.5666666666666,83,car,392,928,445,970
2235.5666666666666,16,car,647,1258,810,1454
2235.5666666666666,126,car,1,1363,201,1771
2235.5666666666666,128,bicycle,549,1472,621,1601
2235.5666666666666,65,person,547,1392,624,1537
2235.5666666666666,139,car,355,977,420,1027
2235.5666666666666,140,car,384,1163,510,1336
2268.9333333333334,1,car,840,1850,1078,1919
2268.9333333333334,2,car,2,1890,66,1919
2268.9333333333334,3,bus,583,953,721,1097
2268.9333333333334,4,car,272,1063,371,1166
2268.9333333333334,5,car,352,1282,519,1490
2268.9333333333334,7,car,709,1454,986,1810
2268.9333333333334,8,car,258,1465,522,1872
2268.9333333333334,11,car,414,1066,520,1180
2268.9333333333334,12,bus,1,1364,202,1773
2268.9333333333334,14,car,468,1022,541,1080
2268.9333333333334,17,car,139,1155,309,1338
2268.9333333333334,31,car,355,955,421,1029
2268.9333333333334,59,car,387,1161,508,1286
2268.9333333333334,76,car,646,1159,768,1268
2268.9333333333334,83,car,392,928,446,971
2268.9333333333334,16,car,646,1258,810,1454
2268.9333333333334,126,car,1,1363,201,1774
2268.9333333333334,128,motorcycle,551,1481,621,1610
2268.9333333333334,65,person,546,1403,624,1545
2268.9333333333334,140,car,384,1163,510,1336
2302.3,1,car,840,1850,1078,1919
2302.3,2,car,2,1890,65,1919
2302.3,3,bus,582,954,721,1100
2302.3,4,car,272,1066,370,1166
2302.3,5,car,352,1282,519,1491
2302.3,7,car,709,1454,986,1810
2302.3,8,car,258,1465,523,1871
2302.3,11,car,414,1066,520,1177
2302.3,12,bus,1,1364,202,1774
2302.3,14,car,469,1022,541,1079
2302.3,17,car,139,1157,308,1339
2302.3,31,car,355,956,421,1029
2302.3,59,car,387,1161,508,1287
2302.3,76,car,646,1159,768,1267
2302.3,83,car,392,928,446,970
2302.3,16,car,646,1258,810,1454
2302.3,126,car,1,1363,200,1775
2302.3,128,bicycle,552,1488,624,1617
2302.3,65,person,547,1413,625,1560
2302.3,140,car,384,1163,510,1337
2335.6666666666665,1,car,840,1851,1078,1919
2335.6666666666665,3,bus,582,953,722,1104
2335.6666666666665,4,car,271,1069,370,1166
2335.6666666666665,5,car,352,1282,519,1491
2335.6666666666665,7,car,709,1454,986,1810
2335.6666666666665,8,car,258,1466,522,1871
2335.6666666666665,11,car,414,1066,520,1175
2335.6666666666665,12,bus,1,1366,202,1776
2335.6666666666665,14,car,469,1022,541,1082
2335.6666666666665,17,car,139,1157,309,1339
2335.6666666666665,31,car,355,956,421,1029
2335.6666666666665,59,car,387,1161,508,1291
2335.6666666666665,76,car,645,1159,768,1267
2335.6666666666665,83,car,392,925,447,968
2335.6666666666665,16,car,647,1258,810,1454
2335.6666666666665,126,car,1,1364,200,1776
2335.6666666666665,128,motorcycle,552,1497,625,1628
2335.6666666666665,65,person,547,1426,627,1573
2369.0333333333333,1,car,841,1851,1078,1919
2369.0333333333333,3,bus,582,953,722,1110
2369.0333333333333,4,car,271,1070,370,1166
2369.0333333333333,5,car,352,1283,520,1491
2369.0333333333333,7,car,710,1455,986,1810
2369.0333333333333,8,car,258,1466,522,1871
2369.0333333333333,11,car,414,1067,519,1175
2369.0333333333333,12,bus,1,1367,202,1777
2369.0333333333333,14,car,469,1017,541,1097
2369.0333333333333,17,car,139,1157,308,1339
2369.0333333333333,31,car,355,956,421,1029
2369.0333333333333,59,car,386,1161,508,1292
2369.0333333333333,76,car,645,1159,769,1267
2369.0333333333333,83,car,392,922,446,965
2369.0333333333333,16,car,647,1258,810,1454
2369.0333333333333,126,car,1,1367,200,1777
2369.0333333333333,128,motorcycle,551,1513,627,1654
2369.0333333333333,65,person,547,1434,628,1581
2402.4,1,car,841,1851,1078,1919
2402.4,3,bus,582,953,722,1115
2402.4,4,car,271,1071,370,1166
2402.4,5,car,352,1283,519,1492
2402.4,7,car,710,1455,986,1810
2402.4,8,car,258,1466,523,1871
2402.4,11,car,414,1067,519,1172
2402.4,12,bus,1,1369,201,1778
2402.4,14,car,470,1024,542,1100
2402.4,17,car,139,1156,307,1339
2402.4,31,car,355,956,421,1029
2402.4,59,car,386,1160,509,1294
2402.4,76,car,645,1159,769,1267
2402.4,83,car,394,918,446,963
2402.4,16,car,647,1258,810,1454
2402.4,126,car,1,1368,199,1778
2402.4,128,bicycle,554,1525,628,1664
2402.4,65,person,547,1448,631,1596
2435.766666666667,1,car,842,1851,1078,1919
2435.766666666667,3,bus,582,953,722,1123
2435.766666666667,4,car,271,1070,370,1166
2435.766666666667,5,car,353,1283,519,1493
2435.766666666667,7,car,710,1455,985,1810
2435.766666666667,8,car,258,1467,523,1871
2435.766666666667,11,car,413,1068,519,1172
2435.766666666667,12,bus,1,1371,201,1781
2435.766666666667,14,car,470,1027,544,1103
2435.766666666667,17,car,139,1154,308,1340
2435.766666666667,31,car,355,957,422,1030
2435.766666666667,59,car,386,1160,509,1295
2435.766666666667,76,car,645,1159,768,1268
2435.766666666667,83,car,393,916,442,962
2435.766666666667,16,car,647,1258,810,1454
2435.766666666667,126,car,1,1370,199,1781
2435.766666666667,128,bicycle,553,1539,630,1689
2435.766666666667,65,person,547,1457,633,1625
2469.1333333333337,1,car,843,1851,1078,1919
2469.1333333333337,3,bus,582,953,722,1128
2469.1333333333337,4,car,271,1071,371,1166
2469.1333333333337,5,car,353,1283,519,1493
2469.1333333333337,7,car,710,1455,985,1810
2469.1333333333337,8,car,258,1468,522,1871
2469.1333333333337,11,car,414,1067,519,1173
2469.1333333333337,12,bus,1,1372,201,1784
2469.1333333333337,14,car,468,1022,541,1098
2469.1333333333337,17,car,139,1153,307,1340
2469.1333333333337,31,car,354,957,423,1030
2469.1333333333337,59,car,386,1159,509,1298
2469.1333333333337,76,car,646,1159,769,1269
2469.1333333333337,83,car,392,919,442,963
2469.1333333333337,16,car,647,1257,810,1455
2469.1333333333337,126,car,1,1372,198,1782
2469.1333333333337,128,bicycle,554,1562,633,1702
2469.1333333333337,65,person,548,1471,636,1659
2502.5,1,car,844,1851,1078,1919
2502.5,3,bus,582,953,722,1131
2502.5,4,car,271,1071,371,1166
2502.5,5,car,353,1284,518,1493
2502.5,7,car,710,1455,985,1810
2502.5,8,car,258,1468,519,1871
2502.5,11,car,414,1067,520,1175
2502.5,12,bus,1,1373,201,1785
2502.5,14,car,467,1019,540,1091
2502.5,17,car,138,1153,306,1340
2502.5,31,car,353,957,423,1030
2502.5,59,car,386,1159,509,1300
2502.5,76,car,646,1158,769,1269
2502.5,83,car,393,921,443,965
2502.5,16,car,647,1257,809,1454
2502.5,126,car,1,1373,198,1784
2502.5,65,person,549,1484,636,1682
2535.866666666667,1,car,843,1851,1078,1919
2535.866666666667,3,bus,582,953,722,1131
2535.866666666667,4,car,271,1071,371,1166
2535.866666666667,5,car,353,1284,519,1493
2535.866666666667,7,car,710,1455,985,1810
2535.866666666667,8,car,258,1468,520,1871
2535.866666666667,11,car,414,1067,520,1175
2535.866666666667,12,bus,1,1374,200,1787
2535.866666666667,14,car,466,1014,539,1083
2535.866666666667,17,car,138,1153,306,1340
2535.866666666667,31,car,353,957,422,1030
2535.866666666667,59,car,386,1159,509,1300
2535.866666666667,76,car,646,1158,769,1270
2535.866666666667,83,car,393,923,443,966
2535.866666666667,16,car,647,1257,809,1455
2535.866666666667,126,car,1,1374,198,1785
2535.866666666667,65,person,550,1497,639,1705
2569.2333333333336,1,car,842,1851,1078,1919
2569.2333333333336,3,bus,582,953,722,1131
2569.2333333333336,4,car,271,1071,371,1166
2569.2333333333336,5,car,353,1285,519,1493
2569.2333333333336,7,car,711,1456,986,1810
2569.2333333333336,8,car,258,1468,517,1871
2569.2333333333336,11,car,414,1067,520,1183
2569.2333333333336,12,bus,1,1374,199,1789
2569.2333333333336,14,car,466,1013,539,1085
2569.2333333333336,17,car,139,1153,307,1340
2569.2333333333336,31,car,352,955,421,1031
2569.2333333333336,59,car,386,1159,508,1299
2569.2333333333336,76,car,646,1158,769,1271
2569.2333333333336,83,car,393,922,444,968
2569.2333333333336,16,car,647,1259,810,1455
2569.2333333333336,126,car,1,1375,196,1787
2569.2333333333336,65,person,551,1511,640,1705
2602.6000000000004,1,car,843,1852,1078,1919
2602.6000000000004,3,bus,583,953,722,1129
2602.6000000000004,4,car,270,1071,372,1166
2602.6000000000004,5,car,353,1285,519,1493
2602.6000000000004,7,car,711,1456,988,1809
2602.6000000000004,8,car,257,1469,517,1871
2602.6000000000004,11,car,414,1067,520,1186
2602.6000000000004,12,car,1,1375,196,1791
2602.6000000000004,14,car,466,1011,539,1080
2602.6000000000004,17,car,139,1151,308,1341
2602.6000000000004,31,car,351,954,421,1031
2602.6000000000004,59,car,386,1159,507,1297
2602.6000000000004,76,car,646,1158,769,1271
2602.6000000000004,83,car,391,922,443,969
2602.6000000000004,16,car,647,1260,811,1455
2602.6000000000004,126,bus,1,1375,196,1790
2602.6000000000004,65,person,551,1526,641,1711
2602.6000000000004,148,truck,709,1455,987,1807
2635.966666666667,1,car,842,1852,1078,1919
2635.966666666667,3,bus,583,954,722,1129
2635.966666666667,4,car,270,1069,372,1166
2635.966666666667,5,car,352,1286,520,1494
2635.966666666667,7,car,711,1456,987,1810
2635.966666666667,8,car,257,1470,517,1871
2635.966666666667,11,car,414,1066,519,1188
2635.966666666667,12,car,1,1376,195,1795
2635.966666666667,14,car,466,1014,539,1078
2635.966666666667,17,car,139,1150,309,1341
2635.966666666667,31,car,351,955,421,1031
2635.966666666667,59,car,386,1159,508,1299
2635.966666666667,76,car,646,1158,770,1272
2635.966666666667,83,car,390,923,442,969
2635.966666666667,16,car,647,1260,811,1456
2635.966666666667,126,bus,1,1376,196,1795
2635.966666666667,65,person,553,1541,644,1739
2635.966666666667,148,truck,710,1455,986,1810
2669.3333333333335,1,car,842,1852,1078,1919
2669.3333333333335,3,bus,583,954,722,1130
2669.3333333333335,4,car,269,1061,373,1166
2669.3333333333335,5,car,352,1286,520,1495
2669.3333333333335,7,car,711,1456,986,1810
2669.3333333333335,8,car,257,1470,517,1871
2669.3333333333335,11,car,414,1066,518,1191
2669.3333333333335,12,bus,1,1376,195,1797
2669.3333333333335,14,car,466,1010,539,1075
2669.3333333333335,17,car,139,1150,309,1341
2669.3333333333335,31,car,350,957,422,1031
2669.3333333333335,59,car,385,1159,508,1300
2669.3333333333335,76,car,646,1157,770,1271
2669.3333333333335,83,car,388,923,441,969
2669.3333333333335,16,car,646,1261,811,1456
2669.3333333333335,126,car,1,1376,195,1798
2669.3333333333335,65,person,555,1553,645,1751
2669.3333333333335,148,truck,710,1454,985,1811
2702.7000000000003,1,car,842,1852,1078,1919
2702.7000000000003,3,bus,584,954,722,1132
2702.7000000000003,4,car,269,1052,373,1167
2702.7000000000003,5,car,352,1286,519,1495
2702.7000000000003,7,car,711,1456,986,1810
2702.7000000000003,8,car,257,1471,519,1871
2702.7000000000003,11,car,414,1066,518,1194
2702.7000000000003,12,bus,1,1376,194,1799
2702.7000000000003,14,car,466,1007,539,1076
2702.7000000000003,17,car,139,1155,308,1342
2702.7000000000003,31,car,351,959,421,1031
2702.7000000000003,59,car,385,1159,508,1297
2702.7000000000003,76,car,646,1156,769,1269
2702.7000000000003,83,car,387,925,441,973
2702.7000000000003,16,car,647,1260,811,1456
2702.7000000000003,65,person,558,1569,650,1772
2702.7000000000003,148,truck,711,1454,985,1811
2702.7000000000003,151,bus,553,868,619,960
2736.066666666667,1,car,843,1852,1078,1919
2736.066666666667,3,bus,584,954,722,1124
2736.066666666667,4,car,269,1053,372,1168
2736.066666666667,5,car,351,1287,519,1497
2736.066666666667,7,car,710,1456,988,1809
2736.066666666667,8,car,257,1472,519,1872
2736.066666666667,11,car,414,1066,518,1196
2736.066666666667,12,bus,1,1378,194,1801
2736.066666666667,14,car,466,1007,539,1078
2736.066666666667,17,car,139,1163,307,1342
2736.066666666667,31,car,350,964,418,1032
2736.066666666667,59,car,385,1159,508,1294
2736.066666666667,76,car,647,1154,769,1268
2736.066666666667,83,car,385,929,441,975
2736.066666666667,16,car,647,1260,810,1456
2736.066666666667,65,person,559,1586,655,1792
2736.066666666667,148,truck,711,1454,985,1811
2736.066666666667,151,bus,553,868,620,960
2769.433333333334,1,car,843,1852,1078,1919
2769.433333333334,3,bus,584,954,722,1118
2769.433333333334,4,car,269,1055,372,1168
2769.433333333334,5,car,351,1287,519,1498
2769.433333333334,7,car,710,1456,989,1809
2769.433333333334,8,car,257,1472,520,1872
2769.433333333334,11,car,414,1066,517,1198
2769.433333333334,12,bus,1,1378,193,1803
2769.433333333334,14,car,466,1010,539,1080
2769.433333333334,17,car,140,1164,308,1342
2769.433333333334,31,car,351,963,417,1032
2769.433333333334,59,car,385,1159,508,1292
2769.433333333334,76,car,647,1155,769,1268
2769.433333333334,83,car,386,932,443,976
2769.433333333334,16,car,647,1260,810,1456
2769.433333333334,65,person,561,1603,658,1803
2769.433333333334,148,truck,710,1454,985,1811
2769.433333333334,151,bus,553,868,620,960
2769.433333333334,155,truck,257,1472,521,1872
2802.8,1,car,844,1853,1078,1919
2802.8,3,bus,583,954,722,1106
2802.8,4,car,270,1057,371,1169
2802.8,5,car,351,1286,519,1498
2802.8,7,car,710,1456,987,1811
2802.8,8,bus,258,1470,521,1872
2802.8,11,car,415,1067,516,1198
2802.8,12,bus,1,1381,192,1806
2802.8,14,car,466,1017,539,1090
2802.8,17,car,140,1162,308,1343
2802.8,31,car,350,962,418,1034
2802.8,59,car,386,1160,507,1288
2802.8,76,car,647,1154,769,1268
2802.8,83,car,389,933,443,977
2802.8,16,car,647,1260,810,1456
2802.8,65,person,561,1621,657,1813
2802.8,148,truck,711,1454,985,1812
2802.8,151,bus,553,868,620,960
2802.8,155,car,257,1471,521,1872
2836.1666666666665,1,car,843,1853,1077,1919
2836.1666666666665,3,bus,583,953,722,1102
2836.1666666666665,4,car,270,1058,371,1169
2836.1666666666665,5,car,351,1286,519,1498
2836.1666666666665,7,car,710,1456,986,1811
2836.1666666666665,8,bus,259,1470,521,1872
2836.1666666666665,11,car,415,1067,516,1199
2836.1666666666665,12,bus,1,1381,191,1807
2836.1666666666665,14,car,466,1020,539,1096
2836.1666666666665,17,car,140,1160,308,1343
2836.1666666666665,31,car,350,963,418,1035
2836.1666666666665,59,car,386,1161,507,1287
2836.1666666666665,76,car,647,1155,769,1268
2836.1666666666665,83,car,387,931,443,978
2836.1666666666665,16,car,647,1260,810,1456
2836.1666666666665,65,person,565,1641,659,1854
2836.1666666666665,148,truck,710,1454,985,1812
2836.1666666666665,151,bus,553,867,619,959
2836.1666666666665,155,car,257,1471,521,1872
2869.5333333333333,1,car,844,1853,1077,1919
2869.5333333333333,3,bus,583,953,722,1100
2869.5333333333333,4,car,271,1059,372,1170
2869.5333333333333,5,car,351,1286,519,1498
2869.5333333333333,7,car,710,1456,985,1812
2869.5333333333333,8,bus,259,1469,521,1872
2869.5333333333333,11,car,416,1068,515,1197
2869.5333333333333,12,bus,1,1382,191,1809
2869.5333333333333,14,car,466,1021,539,1101
2869.5333333333333,17,car,140,1160,308,1344
2869.5333333333333,31,car,350,965,418,1035
2869.5333333333333,59,car,387,1161,507,1284
2869.5333333333333,76,car,647,1159,769,1267
2869.5333333333333,83,car,385,931,441,979
2869.5333333333333,16,car,647,1260,811,1456
2869.5333333333333,65,person,564,1660,667,1901
2869.5333333333333,148,truck,711,1454,985,1813
2869.5333333333333,151,bus,553,867,619,960
2869.5333333333333,155,car,257,1470,521,1872
2902.9,1,car,845,1853,1077,1919
2902.9,3,bus,582,953,721,1098
2902.9,4,car,271,1060,371,1170
2902.9,5,car,351,1287,519,1498
2902.9,7,car,710,1456,985,1813
2902.9,8,bus,258,1468,522,1872
2902.9,11,car,416,1068,516,1196
2902.9,12,bus,1,1384,190,1811
2902.9,14,car,466,1020,538,1103
2902.9,17,car,140,1160,307,1344
2902.9,31,car,350,967,417,1035
2902.9,59,car,387,1161,507,1283
2902.9,76,car,647,1160,769,1268
2902.9,83,car,385,930,441,980
2902.9,16,car,646,1260,811,1455
2902.9,65,person,565,1680,674,1919
2902.9,148,truck,710,1454,985,1813
2902.9,151,bus,553,867,619,960
2902.9,155,car,257,1469,522,1872
2936.266666666667,1,car,847,1853,1078,1919
2936.266666666667,3,bus,582,954,722,1108
2936.266666666667,4,car,271,1063,371,1171
2936.266666666667,5,car,350,1285,519,1497
2936.266666666667,7,car,709,1457,985,1813
2936.266666666667,8,bus,258,1468,523,1872
2936.266666666667,11,car,417,1070,516,1194
2936.266666666667,12,bus,1,1385,189,1815
2936.266666666667,14,car,467,1028,540,1102
2936.266666666667,17,car,140,1163,307,1345
2936.266666666667,31,car,350,967,418,1034
2936.266666666667,59,car,387,1160,508,1283
2936.266666666667,76,car,646,1162,769,1267
2936.266666666667,83,car,387,932,443,980
2936.266666666667,16,car,646,1260,811,1455
2936.266666666667,65,person,567,1696,678,1920
2936.266666666667,148,truck,710,1454,985,1813
2936.266666666667,151,bus,553,868,618,959
2936.266666666667,155,car,257,1468,523,1873
2969.633333333333,1,car,848,1854,1077,1919
2969.633333333333,3,bus,583,954,722,1110
2969.633333333333,4,car,271,1064,372,1170
2969.633333333333,5,car,351,1283,519,1498
2969.633333333333,7,car,709,1457,985,1813
2969.633333333333,11,car,417,1070,516,1191
2969.633333333333,12,bus,0,1386,189,1819
2969.633333333333,14,car,467,1032,540,1102
2969.633333333333,17,car,140,1165,307,1345
2969.633333333333,31,car,349,968,419,1033
2969.633333333333,59,car,386,1159,510,1290
2969.633333333333,76,car,645,1162,769,1267
2969.633333333333,83,car,388,933,445,981
2969.633333333333,16,car,646,1259,811,1455
2969.633333333333,65,person,572,1720,682,1920
2969.633333333333,151,bus,554,869,618,957
3003.0,1,car,849,1854,1078,1919
3003.0,3,bus,583,954,722,1114
3003.0,4,car,271,1069,370,1171
3003.0,5,car,350,1286,519,1499
3003.0,7,car,709,1458,985,1814
3003.0,11,car,416,1070,516,1183
3003.0,12,bus,0,1386,188,1821
3003.0,17,car,137,1165,306,1346
3003.0,31,car,349,968,418,1033
3003.0,59,car,386,1159,512,1297
3003.0,76,car,643,1160,769,1268
3003.0,83,car,387,930,444,982
3003.0,16,car,647,1260,810,1455
3003.0,65,person,574,1743,685,1920
3003.0,8,car,257,1470,523,1872
3036.366666666667,1,car,849,1854,1078,1919
3036.366666666667,3,bus,583,954,722,1125
3036.366666666667,4,car,271,1071,370,1171
3036.366666666667,5,car,351,1287,518,1500
3036.366666666667,7,car,709,1457,985,1814
3036.366666666667,11,car,416,1069,518,1179
3036.366666666667,12,bus,0,1387,188,1823
3036.366666666667,17,car,136,1165,307,1347
3036.366666666667,31,car,349,968,417,1033
3036.366666666667,59,car,385,1160,514,1309
3036.366666666667,76,car,642,1161,769,1268
3036.366666666667,83,car,385,930,442,980
3036.366666666667,16,car,647,1260,810,1455
3036.366666666667,65,person,577,1767,692,1920
3036.366666666667,8,car,257,1470,523,1872
3069.7333333333336,1,car,850,1854,1078,1919
3069.7333333333336,3,bus,583,954,722,1130
3069.7333333333336,4,car,270,1072,369,1171
3069.7333333333336,5,car,351,1288,519,1500
3069.7333333333336,7,car,709,1457,985,1814
3069.7333333333336,11,car,415,1069,517,1177
3069.7333333333336,12,bus,1,1388,188,1826
3069.7333333333336,17,car,137,1164,307,1348
3069.7333333333336,31,car,348,969,416,1033
3069.7333333333336,59,car,384,1160,514,1312
3069.7333333333336,76,car,641,1164,769,1269
3069.7333333333336,83,car,384,930,442,980
3069.7333333333336,16,car,648,1261,810,1455
3069.7333333333336,65,person,579,1787,689,1920
3069.7333333333336,8,car,257,1471,523,1872
3103.1,1,car,850,1854,1078,1919
3103.1,3,bus,583,954,721,1134
3103.1,4,car,270,1071,370,1171
3103.1,5,car,351,1289,518,1502
3103.1,7,car,709,1457,985,1814
3103.1,11,car,415,1069,517,1181
3103.1,12,bus,1,1390,188,1829
3103.1,17,car,137,1164,307,1348
3103.1,31,car,347,970,415,1033
3103.1,59,car,384,1160,515,1317
3103.1,76,car,642,1165,770,1270
3103.1,83,car,385,931,442,981
3103.1,16,car,648,1262,810,1456
3103.1,65,person,587,1819,688,1920
3103.1,8,car,257,1471,524,1872
3103.1,172,person,540,1091,573,1165
3103.1,173,person,546,1284,594,1379
3136.4666666666667,1,car,850,1854,1078,1919
3136.4666666666667,3,bus,583,955,721,1138
3136.4666666666667,4,car,270,1066,371,1170
3136.4666666666667,5,car,351,1289,518,1501
3136.4666666666667,7,car,709,1457,987,1814
3136.4666666666667,11,car,414,1070,516,1185
3136.4666666666667,12,bus,1,1391,187,1830
3136.4666666666667,17,car,137,1164,307,1349
3136.4666666666667,31,car,347,970,416,1032
3136.4666666666667,59,car,385,1160,514,1305
3136.4666666666667,76,car,643,1164,770,1271
3136.4666666666667,83,car,386,931,442,980
3136.4666666666667,16,car,648,1263,810,1457
3136.4666666666667,65,person,593,1845,692,1920
3136.4666666666667,8,car,257,1472,524,1872
3136.4666666666667,172,person,541,1094,573,1167
3136.4666666666667,173,person,547,1288,594,1379
3169.8333333333335,1,car,850,1855,1078,1919
3169.8333333333335,3,bus,583,956,721,1135
3169.8333333333335,4,car,270,1064,371,1171
3169.8333333333335,5,car,351,1289,517,1501
3169.8333333333335,7,car,709,1457,988,1814
3169.8333333333335,11,car,414,1070,516,1187
3169.8333333333335,12,bus,1,1393,187,1832
3169.8333333333335,17,car,136,1164,307,1349
3169.8333333333335,31,car,347,971,416,1031
3169.8333333333335,59,car,385,1160,513,1309
3169.8333333333335,76,car,643,1164,770,1271
3169.8333333333335,83,car,386,931,442,980
3169.8333333333335,16,car,648,1263,810,1456
3169.8333333333335,8,car,257,1473,524,1873
3169.8333333333335,172,person,541,1096,573,1170
3169.8333333333335,173,person,547,1300,594,1393
3169.8333333333335,175,truck,648,1264,811,1457
3203.2000000000003,1,car,850,1855,1077,1919
3203.2000000000003,3,bus,583,957,721,1136
3203.2000000000003,4,car,271,1062,371,1171
3203.2000000000003,5,car,351,1290,516,1502
3203.2000000000003,7,car,709,1457,987,1815
3203.2000000000003,11,car,414,1070,516,1189
3203.2000000000003,12,bus,1,1395,186,1835
3203.2000000000003,17,car,136,1164,307,1349
3203.2000000000003,31,car,348,971,414,1030
3203.2000000000003,59,car,385,1161,512,1313
3203.2000000000003,76,car,643,1164,770,1272
3203.2000000000003,83,car,385,932,441,979
3203.2000000000003,16,car,648,1263,811,1457
3203.2000000000003,8,car,257,1473,524,1872
3203.2000000000003,172,person,541,1098,573,1175
3203.2000000000003,173,person,546,1304,597,1402
3203.2000000000003,175,truck,648,1264,811,1458
3203.2000000000003,151,bus,552,870,617,945
3236.566666666667,1,car,850,1856,1077,1919
3236.566666666667,3,bus,583,957,721,1131
3236.566666666667,4,car,271,1063,370,1171
3236.566666666667,5,car,351,1289,517,1503
3236.566666666667,7,car,708,1458,986,1816
3236.566666666667,11,car,414,1071,514,1189
3236.566666666667,12,bus,1,1396,185,1838
3236.566666666667,17,car,136,1166,305,1349
3236.566666666667,31,car,347,970,412,1028
3236.566666666667,59,car,385,1161,510,1320
3236.566666666667,76,car,644,1164,769,1271
3236.566666666667,83,car,384,932,440,981
3236.566666666667,16,car,648,1263,810,1458
3236.566666666667,8,car,256,1474,525,1873
3236.566666666667,172,person,541,1099,573,1178
3236.566666666667,173,person,546,1307,599,1410
3236.566666666667,175,truck,648,1264,811,1458
3236.566666666667,151,bus,552,870,616,944
3269.9333333333334,1,car,851,1856,1077,1919
3269.9333333333334,3,bus,582,958,722,1122
3269.9333333333334,4,car,271,1063,370,1171
3269.9333333333334,5,car,351,1289,517,1503
3269.9333333333334,7,car,708,1457,988,1816
3269.9333333333334,11,car,414,1072,513,1182
3269.9333333333334,12,bus,1,1396,185,1841
3269.9333333333334,17,car,136,1165,305,1349
3269.9333333333334,31,car,347,970,409,1027
3269.9333333333334,59,car,385,1161,510,1320
3269.9333333333334,76,car,645,1164,770,1271
3269.9333333333334,83,car,384,932,438,982
3269.9333333333334,16,car,647,1263,810,1457
3269.9333333333334,8,car,256,1475,525,1873
3269.9333333333334,172,person,542,1100,573,1180
3269.9333333333334,173,person,547,1313,597,1425
3269.9333333333334,175,truck,647,1264,811,1458
3269.9333333333334,151,bus,552,868,616,941
3303.3,1,car,850,1857,1077,1919
3303.3,3,bus,582,958,721,1118
3303.3,4,car,271,1067,369,1171
3303.3,5,car,351,1289,516,1503
3303.3,7,car,708,1458,989,1816
3303.3,11,car,414,1075,513,1179
3303.3,12,bus,1,1397,185,1845
3303.3,17,car,135,1166,304,1350
3303.3,31,car,346,970,405,1027
3303.3,59,car,385,1161,509,1327
3303.3,76,car,645,1164,770,1271
3303.3,83,car,384,932,437,981
3303.3,16,car,647,1264,810,1457
3303.3,8,car,256,1475,525,1873
3303.3,172,person,542,1102,573,1180
3303.3,173,person,548,1324,598,1433
3303.3,175,truck,647,1264,811,1458
3303.3,151,bus,552,867,617,944
3336.666666666667,1,car,850,1857,1077,1919
3336.666666666667,3,bus,584,957,721,1119
3336.666666666667,4,car,271,1070,369,1172
3336.666666666667,5,car,351,1290,516,1502
3336.666666666667,7,car,708,1458,989,1816
3336.666666666667,11,car,415,1075,513,1185
3336.666666666667,12,bus,1,1398,184,1846
3336.666666666667,17,car,134,1165,302,1351
3336.666666666667,31,car,346,973,400,1025
3336.666666666667,59,car,386,1162,510,1306
3336.666666666667,76,car,645,1164,770,1271
3336.666666666667,83,car,384,933,438,980
3336.666666666667,16,car,647,1265,810,1457
3336.666666666667,8,car,256,1475,525,1873
3336.666666666667,172,person,541,1104,573,1180
3336.666666666667,173,person,548,1332,599,1440
3336.666666666667,175,truck,646,1264,811,1458
3336.666666666667,151,bus,552,866,618,945
3336.666666666667,140,car,381,1163,512,1338
3370.0333333333338,1,car,851,1858,1077,1919
3370.0333333333338,3,bus,584,958,721,1114
3370.0333333333338,4,car,270,1072,368,1172
3370.0333333333338,5,car,351,1291,517,1503
3370.0333333333338,7,car,708,1458,989,1817
3370.0333333333338,11,car,416,1075,513,1186
3370.0333333333338,12,bus,1,1400,183,1847
3370.0333333333338,17,car,135,1164,302,1351
3370.0333333333338,31,car,346,973,400,1025
3370.0333333333338,59,car,389,1163,509,1293
3370.0333333333338,76,car,644,1162,771,1271
3370.0333333333338,83,car,384,933,440,977
3370.0333333333338,16,car,647,1265,810,1457
3370.0333333333338,8,car,256,1475,524,1874
3370.0333333333338,172,person,541,1106,574,1181
3370.0333333333338,173,person,550,1355,598,1448
3370.0333333333338,175,truck,646,1265,811,1457
3370.0333333333338,151,bus,552,867,618,947
3370.0333333333338,180,bus,634,1100,773,1271
3370.0333333333338,140,car,380,1164,513,1335
3403.4,1,car,854,1859,1077,1919
3403.4,3,bus,584,959,721,1112
3403.4,4,car,271,1074,368,1172
3403.4,5,car,351,1291,517,1504
3403.4,7,car,708,1459,989,1817
3403.4,11,car,417,1075,512,1185
3403.4,12,bus,1,1401,182,1850
3403.4,17,car,133,1165,301,1352
3403.4,31,car,346,974,398,1025
3403.4,83,car,385,932,440,973
3403.4,16,car,647,1266,810,1457
3403.4,8,car,256,1476,524,1874
3403.4,172,person,541,1107,573,1185
3403.4,173,person,552,1367,596,1457
3403.4,175,truck,646,1266,811,1458
3403.4,151,bus,552,867,619,956
3403.4,180,bus,635,1100,773,1272
3403.4,140,car,380,1164,514,1334
3436.766666666667,1,car,856,1859,1077,1919
3436.766666666667,3,bus,584,959,721,1112
3436.766666666667,4,car,271,1073,367,1173
3436.766666666667,5,car,352,1290,517,1504
3436.766666666667,7,car,709,1459,989,1817
3436.766666666667,11,car,417,1075,512,1186
3436.766666666667,12,bus,1,1403,182,1851
3436.766666666667,17,car,134,1163,301,1351
3436.766666666667,31,car,346,974,399,1026
3436.766666666667,83,car,384,931,439,979
3436.766666666667,16,car,646,1267,810,1457
3436.766666666667,8,car,256,1475,524,1875
3436.766666666667,172,person,541,1108,574,1187
3436.766666666667,173,person,552,1370,596,1465
3436.766666666667,175,truck,646,1265,811,1458
3436.766666666667,151,bus,552,868,620,957
3436.766666666667,180,bus,634,1102,773,1271
3436.766666666667,140,car,380,1164,514,1333
3436.766666666667,14,car,468,1038,541,1114
3470.1333333333337,1,car,858,1860,1077,1919
3470.1333333333337,3,bus,584,959,721,1109
3470.1333333333337,4,car,270,1072,368,1172
3470.1333333333337,5,car,352,1290,517,1503
3470.1333333333337,7,car,709,1459,989,1818
3470.1333333333337,11,car,416,1074,513,1186
3470.1333333333337,12,bus,1,1404,182,1852
3470.1333333333337,17,car,134,1160,303,1352
3470.1333333333337,83,car,383,931,438,983
3470.1333333333337,16,car,646,1267,809,1457
3470.1333333333337,8,car,256,1475,524,1875
3470.1333333333337,172,person,541,1110,574,1190
3470.1333333333337,173,person,553,1373,597,1481
3470.1333333333337,180,bus,633,1102,773,1272
3470.1333333333337,140,car,379,1165,515,1334
3470.1333333333337,181,person,549,1353,605,1466
3470.1333333333337,14,car,468,1039,541,1115
3503.5000000000005,1,car,860,1861,1077,1919
3503.5000000000005,3,bus,584,958,721,1107
3503.5000000000005,4,car,269,1071,368,1172
3503.5000000000005,5,car,352,1291,517,1502
3503.5000000000005,7,car,709,1460,988,1818
3503.5000000000005,11,car,415,1074,515,1187
3503.5000000000005,12,bus,1,1406,182,1853
3503.5000000000005,17,car,133,1162,303,1352
3503.5000000000005,83,car,383,932,439,984
3503.5000000000005,16,car,646,1268,809,1458
3503.5000000000005,8,car,256,1475,524,1875
3503.5000000000005,172,person,542,1114,574,1197
3503.5000000000005,180,bus,634,1103,773,1273
3503.5000000000005,140,car,379,1167,515,1334
3503.5000000000005,181,person,550,1365,605,1482
3503.5000000000005,14,car,468,1039,541,1116
3503.5000000000005,76,car,642,1160,771,1272
3536.8666666666672,1,car,862,1861,1077,1919
3536.8666666666672,3,bus,583,958,721,1106
3536.8666666666672,4,car,270,1071,369,1172
3536.8666666666672,5,car,352,1291,517,1501
3536.8666666666672,7,car,709,1460,988,1817
3536.8666666666672,11,car,414,1073,515,1182
3536.8666666666672,12,bus,1,1408,182,1854
3536.8666666666672,17,car,132,1173,301,1352
3536.8666666666672,83,car,383,933,440,983
3536.8666666666672,16,car,646,1268,810,1458
3536.8666666666672,8,car,257,1475,524,1875
3536.8666666666672,172,person,542,1119,574,1202
3536.8666666666672,180,truck,635,1117,772,1273
3536.8666666666672,140,car,379,1168,515,1334
3536.8666666666672,181,person,550,1371,608,1487
3536.8666666666672,14,car,468,1039,541,1116
3536.8666666666672,76,car,641,1160,771,1273
3536.8666666666672,173,person,554,1381,598,1497
3570.2333333333336,1,car,862,1863,1077,1919
3570.2333333333336,3,bus,583,958,721,1108
3570.2333333333336,4,car,268,1069,369,1173
3570.2333333333336,5,car,351,1291,517,1501
3570.2333333333336,7,car,709,1460,987,1818
3570.2333333333336,11,car,414,1073,515,1180
3570.2333333333336,12,bus,1,1408,181,1854
3570.2333333333336,17,car,132,1175,300,1352
3570.2333333333336,83,car,384,933,440,982
3570.2333333333336,16,car,646,1269,811,1459
3570.2333333333336,8,car,256,1475,523,1875
3570.2333333333336,172,person,542,1124,574,1205
3570.2333333333336,180,truck,636,1141,772,1274
3570.2333333333336,140,car,379,1169,514,1332
3570.2333333333336,181,person,550,1374,609,1499
3570.2333333333336,14,car,469,1038,540,1116
3570.2333333333336,76,car,640,1157,771,1273
3570.2333333333336,173,motorcycle,552,1385,606,1504
3603.6000000000004,1,car,863,1865,1077,1919
3603.6000000000004,3,bus,583,959,721,1106
3603.6000000000004,4,car,269,1067,368,1174
3603.6000000000004,5,car,350,1291,516,1503
3603.6000000000004,7,car,709,1461,987,1819
3603.6000000000004,11,car,414,1075,515,1179
3603.6000000000004,12,bus,0,1409,181,1856
3603.6000000000004,17,car,132,1170,302,1355
3603.6000000000004,83,car,385,933,440,982
3603.6000000000004,16,car,645,1270,811,1460
3603.6000000000004,8,car,256,1476,522,1875
3603.6000000000004,172,person,542,1126,574,1208
3603.6000000000004,140,car,380,1169,513,1328
3603.6000000000004,181,motorcycle,550,1387,610,1500
3603.6000000000004,14,car,468,1038,540,1117
3603.6000000000004,76,car,641,1162,771,1275
3603.6000000000004,173,person,550,1390,609,1500
3636.9666666666667,1,car,865,1866,1077,1919
3636.9666666666667,3,bus,583,959,722,1105
3636.9666666666667,4,car,269,1065,368,1174
3636.9666666666667,5,car,350,1290,516,1503
3636.9666666666667,7,car,709,1460,989,1819
3636.9666666666667,11,car,414,1075,515,1178
3636.9666666666667,12,bus,0,1409,180,1857
3636.9666666666667,17,car,131,1173,301,1356
3636.9666666666667,83,car,385,932,439,983
3636.9666666666667,16,car,645,1270,811,1460
3636.9666666666667,8,car,256,1476,521,1875
3636.9666666666667,172,person,543,1127,574,1210
3636.9666666666667,140,car,381,1168,513,1327
3636.9666666666667,181,person,549,1390,610,1490
3636.9666666666667,14,car,468,1038,540,1117
3636.9666666666667,76,car,641,1164,771,1276
3636.9666666666667,173,motorcycle,551,1397,612,1513
3670.3333333333335,1,car,868,1867,1077,1919
3670.3333333333335,3,bus,583,959,722,1104
3670.3333333333335,4,car,269,1064,368,1174
3670.3333333333335,5,car,350,1290,516,1503
3670.3333333333335,7,car,710,1460,989,1819
3670.3333333333335,11,car,414,1073,516,1177
3670.3333333333335,12,bus,1,1410,180,1857
3670.3333333333335,17,car,130,1173,300,1359
3670.3333333333335,83,car,385,932,438,983
3670.3333333333335,16,car,645,1271,811,1460
3670.3333333333335,8,car,256,1476,522,1875
3670.3333333333335,172,person,543,1129,575,1212
3670.3333333333335,140,car,381,1168,513,1326
3670.3333333333335,181,motorcycle,550,1402,613,1495
3670.3333333333335,14,car,468,1038,540,1117
3670.3333333333335,76,car,642,1165,771,1276
3670.3333333333335,173,motorcycle,551,1405,614,1530
3703.7,1,car,872,1868,1077,1919
3703.7,3,bus,583,959,722,1103
3703.7,4,car,269,1065,368,1174
3703.7,5,car,350,1290,516,1503
3703.7,7,car,711,1460,989,1819
3703.7,11,car,414,1076,516,1177
3703.7,12,bus,0,1410,180,1858
3703.7,17,car,130,1176,300,1360
3703.7,83,car,384,931,438,985
3703.7,16,car,645,1271,811,1460
3703.7,8,car,256,1477,521,1875
3703.7,172,person,543,1130,575,1214
3703.7,140,car,382,1168,512,1325
3703.7,181,motorcycle,550,1414,615,1501
3703.7,14,car,468,1037,540,1118
3703.7,76,car,642,1165,771,1276
3703.7,173,motorcycle,551,1415,615,1537
3737.0666666666666,1,car,873,1869,1077,1919
3737.0666666666666,3,bus,583,960,722,1103
3737.0666666666666,4,car,268,1065,368,1175
3737.0666666666666,5,car,350,1290,517,1503
3737.0666666666666,7,car,709,1460,989,1819
3737.0666666666666,11,car,414,1075,517,1177
3737.0666666666666,12,bus,1,1410,180,1861
3737.0666666666666,17,car,129,1177,301,1361
3737.0666666666666,83,car,384,931,439,985
3737.0666666666666,16,car,645,1270,811,1460
3737.0666666666666,8,car,256,1477,522,1874
3737.0666666666666,172,person,543,1131,575,1216
3737.0666666666666,140,car,382,1168,512,1326
3737.0666666666666,181,motorcycle,551,1422,617,1513
3737.0666666666666,14,car,468,1036,540,1118
3737.0666666666666,76,car,640,1167,770,1276
3737.0666666666666,173,motorcycle,551,1428,617,1553
3770.4333333333334,1,car,876,1872,1077,1919
3770.4333333333334,3,bus,583,960,721,1102
3770.4333333333334,4,car,269,1068,367,1174
3770.4333333333334,5,car,349,1291,517,1503
3770.4333333333334,7,car,708,1460,989,1819
3770.4333333333334,11,car,413,1077,517,1176
3770.4333333333334,12,bus,0,1410,180,1862
3770.4333333333334,17,car,128,1179,300,1362
3770.4333333333334,83,car,384,931,439,985
3770.4333333333334,16,car,645,1270,811,1460
3770.4333333333334,8,car,256,1477,522,1874
3770.4333333333334,172,person,542,1134,575,1222
3770.4333333333334,140,car,382,1168,512,1325
3770.4333333333334,14,car,468,1036,540,1118
3770.4333333333334,76,car,640,1168,770,1276
3770.4333333333334,173,motorcycle,553,1438,617,1547
3803.8,1,car,877,1872,1077,1919
3803.8,3,bus,583,960,721,1102
3803.8,4,car,271,1065,368,1175
3803.8,5,car,350,1291,517,1504
3803.8,7,car,708,1461,990,1819
3803.8,11,car,414,1075,516,1176
3803.8,12,bus,0,1410,179,1864
3803.8,17,car,128,1179,300,1363
3803.8,83,car,385,931,439,979
3803.8,16,car,646,1270,812,1461
3803.8,8,car,256,1477,521,1874
3803.8,172,person,543,1138,576,1225
3803.8,140,car,382,1168,512,1325
3803.8,14,car,468,1036,540,1118
3803.8,76,car,639,1168,770,1276
3803.8,173,bicycle,555,1445,618,1555
3837.166666666667,1,car,876,1874,1077,1919
3837.166666666667,3,bus,584,960,721,1103
3837.166666666667,4,car,271,1067,368,1175
3837.166666666667,5,car,350,1290,517,1505
3837.166666666667,7,car,707,1461,990,1819
3837.166666666667,11,car,413,1090,516,1175
3837.166666666667,12,bus,0,1411,179,1865
3837.166666666667,17,car,128,1178,300,1364
3837.166666666667,83,car,384,933,439,976
3837.166666666667,16,car,645,1269,812,1461
3837.166666666667,8,car,256,1477,521,1874
3837.166666666667,172,person,542,1142,574,1227
3837.166666666667,140,car,382,1169,512,1325
3837.166666666667,14,car,471,1039,540,1118
3837.166666666667,76,car,642,1166,772,1277
3837.166666666667,173,person,554,1455,620,1562
3837.166666666667,151,bus,553,871,619,943
3870.5333333333333,1,car,878,1874,1078,1919
3870.5333333333333,3,bus,583,960,721,1102
3870.5333333333333,4,car,271,1069,367,1175
3870.5333333333333,5,car,350,1290,518,1506
3870.5333333333333,7,car,707,1460,990,1819
3870.5333333333333,11,car,413,1094,515,1174
3870.5333333333333,12,bus,0,1411,179,1866
3870.5333333333333,17,car,128,1180,299,1365
3870.5333333333333,83,car,384,934,440,975
3870.5333333333333,16,car,645,1269,811,1461
3870.5333333333333,8,car,256,1477,521,1874
3870.5333333333333,172,person,542,1144,574,1230
3870.5333333333333,140,car,382,1169,512,1326
3870.5333333333333,14,car,472,1040,540,1119
3870.5333333333333,76,car,644,1165,773,1277
3870.5333333333333,173,motorcycle,553,1462,622,1570
3870.5333333333333,151,bus,553,871,619,941
3903.9,1,car,880,1875,1078,1919
3903.9,3,bus,584,959,721,1103
3903.9,4,car,271,1074,365,1176
3903.9,5,car,350,1291,519,1506
3903.9,7,car,707,1461,990,1819
3903.9,11,car,413,1101,515,1173
3903.9,12,bus,0,1412,179,1866
3903.9,17,car,127,1185,296,1366
3903.9,83,car,383,933,441,972
3903.9,16,car,644,1269,811,1461
3903.9,8,car,256,1477,521,1875
3903.9,172,person,542,1146,577,1226
3903.9,140,car,381,1170,512,1326
3903.9,14,car,471,1039,540,1120
3903.9,76,car,645,1167,773,1277
3903.9,173,motorcycle,551,1472,624,1582
3903.9,151,bus,553,871,620,950
3937.266666666667,1,car,882,1876,1078,1919
3937.266666666667,3,bus,583,960,722,1102
3937.266666666667,4,car,271,1074,364,1176
3937.266666666667,5,car,350,1292,519,1505
3937.266666666667,7,car,707,1461,990,1819
3937.266666666667,11,car,412,1106,515,1173
3937.266666666667,12,bus,0,1413,178,1867
3937.266666666667,17,car,127,1186,296,1367
3937.266666666667,83,car,382,932,441,976
3937.266666666667,16,car,644,1268,811,1462
3937.266666666667,8,car,256,1477,521,1876
3937.266666666667,172,person,542,1149,578,1231
3937.266666666667,140,car,381,1170,513,1326
3937.266666666667,14,car,471,1039,539,1120
3937.266666666667,76,car,645,1167,773,1277
3937.266666666667,173,motorcycle,550,1488,626,1615
3937.266666666667,151,bus,553,870,620,952
3937.266666666667,219,car,380,938,440,993
3970.6333333333337,1,car,884,1878,1077,1919
3970.6333333333337,3,bus,584,960,722,1103
3970.6333333333337,4,car,271,1074,364,1176
3970.6333333333337,5,car,351,1293,519,1505
3970.6333333333337,7,car,708,1462,990,1819
3970.6333333333337,11,car,411,1109,514,1175
3970.6333333333337,12,bus,0,1413,178,1867
3970.6333333333337,17,car,127,1183,297,1367
3970.6333333333337,83,car,381,933,440,980
3970.6333333333337,16,car,644,1268,810,1462
3970.6333333333337,8,car,256,1477,522,1876
3970.6333333333337,172,person,542,1152,579,1235
3970.6333333333337,140,car,381,1170,513,1324
